timestamp,accel_x,accel_y,accel_z,rotation_x,rotation_y,rotation_z, pitch,roll,yaw
0.04621601104736328,-0.005663827061653137,-0.0024786964058876038,0.006656646728515625,0.005642902106046677,-0.005343921482563019,0.019293395802378654,-0.02196598480977348,0.10009349314987982,0.0011002889955136134
0.053697824478149414,-0.004744254052639008,-0.0006652176380157471,0.006205916404724121,0.008585961535573006,-0.006141006015241146,0.019174885004758835,-0.021876725624451684,0.10004320181065987,0.0012920538232608519
0.05515408515930176,-0.0027936846017837524,-0.001146715134382248,0.00789421796798706,0.010166280902922153,-0.01053744088858366,0.01787627302110195,-0.021763104836749522,0.09996883357120995,0.0014669966697056698
0.05998492240905762,-0.0037529990077018738,-0.001795174553990364,0.012393772602081299,0.008364652283489704,-0.012831221334636211,0.012906547635793686,-0.021648594362416465,0.09985920083195103,0.0016147995582734178
0.06645083427429199,-0.004422187805175781,-0.002038370817899704,0.015260040760040283,0.005073751322925091,-0.009161029942333698,0.01076696440577507,-0.021556080307762158,0.09974943077625704,0.001719140435206909
0.07634806632995605,-0.005896322429180145,-0.0038673002272844315,0.013481855392456055,-0.004765297286212444,-0.005376411601901054,0.009337379597127438,-0.02153869108848507,0.09968204523509137,0.0018122527777790112
0.0863649845123291,-0.005072318017482758,-0.0038047917187213898,0.010677516460418701,-0.007852001115679741,-0.005192565731704235,0.006948417518287897,-0.021598267748275356,0.0996361236513452,0.0019058873462693034
0.09737992286682129,-0.00410856306552887,-0.0029663611203432083,0.009901285171508789,-0.005160344298928976,-0.0023898547515273094,0.009182277135550976,-0.0216601185437559,0.09960311116681717,0.0019956183895408503
0.1063988208770752,-0.005496233701705933,-0.000512612983584404,0.011350870132446289,0.0020790596026927233,0.0024452919606119394,0.010751038789749146,-0.021663036365685038,0.099602238594082,0.0020880640059179893
0.11635613441467285,-0.008097387850284576,0.003917887806892395,0.010066509246826172,0.005031706765294075,0.0035792659036815166,0.008644744753837585,-0.021611796438474842,0.09964000859139086,0.002186309401232686
0.12643694877624512,-0.007003061473369598,0.001962995156645775,0.008369386196136475,0.008574726060032845,0.005399047862738371,0.0056787822395563126,-0.021537253688324,0.09969018591518634,0.0022535786508418995
0.13651299476623535,-0.0061196088790893555,0.002667037770152092,0.006200253963470459,0.012182244099676609,0.004021927248686552,-0.0009484939510002732,-0.021428277677345366,0.09973753040025271,0.002265219284654194
0.14752697944641113,-0.007153652608394623,0.003677127882838249,0.004703342914581299,0.013736415654420853,0.005859996657818556,-0.003975602798163891,-0.021303169550454207,0.09977971098738239,0.002230072788756685
0.15655994415283203,-0.008074186742305756,0.0043272096663713455,0.004762113094329834,0.015073321759700775,0.004721495322883129,-0.0075724683701992035,-0.021171856136776506,0.09983047681371311,0.0021590980669514955
0.16674113273620605,-0.007695876061916351,0.002140900120139122,0.0036934614181518555,0.012589607387781143,0.0012343076523393393,-0.011539406143128872,-0.021038796914664138,0.0998640385785676,0.002045604993109594
0.17718791961669922,-0.006850183010101318,0.0008290670812129974,0.0038779377937316895,0.010789044201374054,0.0011986210010945797,-0.012689359486103058,-0.020931540772588634,0.09987265702459705,0.0019097914431682956
0.18705201148986816,-0.0054188743233680725,0.0009155180305242538,0.0015796422958374023,0.008439520373940468,-0.0008507249876856804,-0.010291662067174911,-0.020860334336873232,0.09982952521432778,0.0017841733397669188
0.19784998893737793,-0.004276007413864136,0.0003887806087732315,0.0013141632080078125,0.004879140295088291,-0.002096019219607115,-0.012163864448666573,-0.02085300931010177,0.09973903438692933,0.0016589846708474432
0.20671701431274414,-0.00414884090423584,-0.0030494164675474167,0.001537621021270752,0.005613640882074833,-0.0038877935148775578,-0.01151192281395197,-0.020842722152143257,0.0996418678985423,0.0015420101682750498
0.21653485298156738,-0.002411864697933197,-0.0021295342594385147,0.0007718205451965332,0.007707684300839901,-0.008990677073597908,-0.009541183710098267,-0.02082310064199405,0.09952165183013882,0.0014410228959163968
0.22662806510925293,-0.00232040137052536,-0.0027853604406118393,0.004100322723388672,0.007073252461850643,-0.012039375491440296,-0.008479700423777103,-0.02079227752314493,0.09935297231539221,0.0013425684455450958
0.23670601844787598,-0.0021933764219284058,-0.004279103130102158,0.006302952766418457,0.0049797408282756805,-0.014914256520569324,-0.0076527888886630535,-0.0207753935180201,0.09914855706033218,0.0012535450422693866
0.2483839988708496,-0.00440448522567749,-0.005292914807796478,0.004778146743774414,-0.003437528619542718,-0.00799434445798397,-0.007370173931121826,-0.02079739235941781,0.09897848128559668,0.0011752178563005256
0.25701212882995605,-0.004375927150249481,-0.004759380593895912,0.002073049545288086,-0.0015916917473077774,-0.007709119468927383,-0.007100129500031471,-0.020843700298089126,0.09885785038336167,0.0011089056076623435
0.26662492752075195,-0.0017542243003845215,-0.0037664901465177536,0.004391670227050781,0.004613257013261318,-0.013433805666863918,-0.009307464584708214,-0.02085789457580817,0.09870732892103368,0.0010328096324117447
0.27651000022888184,0.0004386603832244873,-0.004110855981707573,0.00897282361984253,0.007655919063836336,-0.01606740429997444,-0.008011037483811378,-0.020805519210920144,0.09852758468494605,0.0009344070501193477
0.28667283058166504,-0.0005173608660697937,-0.0009192656725645065,0.009176492691040039,0.005928858648985624,-0.015499887056648731,-0.010006810538470745,-0.020711444676468575,0.0983380541442253,0.0008379057031077814
0.29720592498779297,-0.0008833631873130798,-0.003074362874031067,0.0074394941329956055,0.002535192295908928,-0.015865802764892578,-0.009688296355307102,-0.02065400350766073,0.09816902604995129,0.0007368347299001556
0.30697083473205566,0.00038395822048187256,-0.006016261875629425,0.009469747543334961,0.005265515297651291,-0.011727651581168175,-0.012986142188310623,-0.020605170219674746,0.09801472608630314,0.0006254730393827726
0.316788911819458,-0.0014211833477020264,-0.005387822166085243,0.010440051555633545,0.00811855960637331,-0.002300860360264778,-0.011615145951509476,-0.02051076904183268,0.09794248469738738,0.0004977806203128552
0.32685208320617676,-0.00450143963098526,-0.003802625462412834,0.00829458236694336,0.013432631269097328,0.0003845817409455776,-0.008979469537734985,-0.02037512791840411,0.09790950261563355,0.00039305564650334474
0.3372499942779541,-0.0019554346799850464,-0.0028529614210128784,0.010498404502868652,0.01928812451660633,-0.0012119831517338753,-0.009350446984171867,-0.020188365446278993,0.09788069541756454,0.00028203052103758814
0.34787797927856445,0.0013936609029769897,-0.002413615584373474,0.010686814785003662,0.02305970899760723,0.0026128930039703846,-0.008705589920282364,-0.019962596980278663,0.09787278784473069,0.00016573878278632552
0.356950044631958,-3.440678119659424e-05,-0.005427399650216103,0.009492635726928711,0.01673203893005848,0.011028215289115906,-0.007363623008131981,-0.019741474966276717,0.09795808106625903,6.358600421222188e-05
0.367048978805542,-0.0006480216979980469,-0.00757342204451561,0.005671143531799316,0.01031401939690113,0.00603887252509594,-0.005741012282669544,-0.01961391225863785,0.09805312429742448,-2.2827010508973303e-05
0.3769857883453369,0.005696699023246765,-0.005942743271589279,0.007778644561767578,0.010121739469468594,-0.00521458126604557,-0.009305120445787907,-0.01950909153407559,0.09805587266862725,-0.00011353092286356608
0.38699984550476074,0.007806599140167236,-0.004274774342775345,0.00949770212173462,0.007710597012192011,-0.010721420869231224,-0.008145899511873722,-0.019397498682252736,0.09797477657330746,-0.00020885980953314924
0.398421049118042,0.0033737793564796448,-0.0062011294066905975,0.010055184364318848,0.002540069632232189,-0.001481317449361086,-0.007327244151383638,-0.019324939044160612,0.09790577389754353,-0.0002971177407984024
0.40692591667175293,-0.0005649924278259277,-0.007065499201416969,0.005265295505523682,-0.0031844284385442734,0.0041839368641376495,-0.0038027637638151646,-0.01931955724778569,0.0978924358847214,-0.0003552819303693094
0.41707682609558105,0.000485740602016449,-0.00540786050260067,0.0031443238258361816,0.004095588810741901,-0.002836155705153942,-0.0035721338354051113,-0.019309864580263025,0.09789455539627175,-0.00038653899765395214
0.42706298828125,0.0036785900592803955,-0.002054847776889801,0.00752866268157959,0.009129729121923447,-0.006027954630553722,-0.002550332108512521,-0.019222218571584376,0.09785993566620191,-0.0004190162863863724
0.4375770092010498,-0.000245414674282074,-0.000854814425110817,0.011913537979125977,0.012427521869540215,0.0002877321094274521,-0.0028241050895303488,-0.019075011391163656,0.09783149592663223,-0.000454884820321814
0.44873881340026855,-0.005444958806037903,-0.002785520628094673,0.011648833751678467,0.012371910735964775,0.015732601284980774,8.161668665707111e-05,-0.018899976068329417,0.09791946083253622,-0.00048052040467169287
0.45705485343933105,-0.004850320518016815,-0.003942206501960754,0.00616985559463501,0.016117911785840988,0.013106458820402622,-0.002146383747458458,-0.01872911560732838,0.09811895647337729,-0.0005021168797921967
0.4671018123626709,0.0012023001909255981,-0.0024619046598672867,0.005168318748474121,0.024651680141687393,0.003652769373729825,-0.006578523200005293,-0.0184999929388062,0.0982616903337662,-0.0005677619028391718
0.4770059585571289,0.003743007779121399,0.00038225017488002777,0.007289469242095947,0.02727489359676838,0.0018681851215660572,-0.0058810412883758545,-0.018204008035852468,0.0983147108921139,-0.0006670341171163537
0.487048864364624,-4.512816667556763e-05,0.0005018357187509537,0.0059049129486083984,0.015216367319226265,0.0011400766670703888,-0.006305282469838858,-0.01796231443471761,0.09831826132019582,-0.0007468271329147243
0.4992809295654297,0.0007258802652359009,-0.0015703123062849045,0.0050394535064697266,0.003309639636427164,-0.0059013208374381065,-0.009963134303689003,-0.01785243819158421,0.09829462429587041,-0.0008409324047465316
0.5072457790374756,0.0027418136596679688,-0.003301085904240608,0.003914892673492432,-0.0033041208516806364,-0.008586764335632324,-0.013695341534912586,-0.017858965892596383,0.09824684175202147,-0.0009615599090526352
0.5173249244689941,-6.236881017684937e-05,-0.0036679618060588837,0.003431558609008789,-0.00811778474599123,-0.0052780527621507645,-0.008382335305213928,-0.01793593875617697,0.09818219156569856,-0.001056512381877749
0.5271260738372803,-7.217377424240112e-05,-0.0011501330882310867,0.0013190507888793945,-0.0037002661265432835,-0.008788987062871456,-0.00519969779998064,-0.01799685621738556,0.09808480760864277,-0.0011166485041066627
0.5372679233551025,-0.0012749284505844116,0.0008466858416795731,0.004262983798980713,0.005741438828408718,-0.011973594315350056,-0.005704899318516254,-0.01796841584311262,0.09794404355697328,-0.0011695910497190425
0.548799991607666,-0.0015624016523361206,0.00021327659487724304,0.007648944854736328,0.007867207750678062,-0.014998767524957657,-0.007594678550958633,-0.01788464791889565,0.09781875738415001,-0.0012338515843409125
0.5573198795318604,-0.00472356379032135,-0.0041391607373952866,0.009275853633880615,0.004946518689393997,-0.008651124313473701,-0.009849843569099903,-0.017842548860588038,0.09772928642977488,-0.0013260880274221997
0.568457841873169,-0.003951899707317352,-0.005062729120254517,0.010151326656341553,0.004851643927395344,-0.003912738524377346,-0.007842672057449818,-0.01782006834928606,0.09767447596900128,-0.0014160663945500382
0.5772531032562256,-0.004867762327194214,-0.002762937918305397,0.007789015769958496,0.009960118681192398,-0.001249843742698431,-0.006678338628262281,-0.017748046450680316,0.09765934510109292,-0.0014997618356802542
0.5880310535430908,-0.002998262643814087,-0.0023528579622507095,0.007668852806091309,0.017351804301142693,-0.0015869559720158577,-0.004128148779273033,-0.0175973456390143,0.09766645767868874,-0.0015670267825532392
0.5982599258422852,-0.001229502260684967,-0.0019590873271226883,0.007321774959564209,0.023338058963418007,-0.0020980164408683777,-0.000658049713820219,-0.017371387030528207,0.0976673413358745,-0.001612308493199056
0.6072700023651123,0.0004767104983329773,0.003169352188706398,0.0070555806159973145,0.024107329547405243,-0.007553545758128166,0.0008873826591297984,-0.017125723607242006,0.09762370348705092,-0.0016366520830671525
0.6173129081726074,0.0017562657594680786,-0.0016906466335058212,0.010668396949768066,0.012673314660787582,-0.010633758269250393,-0.0022223906125873327,-0.016950296983045943,0.09753360658098507,-0.0016632593813768475
0.6273488998413086,-0.0010399222373962402,-0.0070809852331876755,0.013300716876983643,0.0007933855522423983,-0.00304206321015954,-0.006766116246581078,-0.016908499557226613,0.0974607150080488,-0.0017148151808306041
0.6372931003570557,-0.0031928494572639465,-0.004437930881977081,0.010114550590515137,-0.0027941588778048754,0.0012685293331742287,-0.004762087482959032,-0.016905213936120246,0.09743147848391878,-0.0017701225520587438
0.6480779647827148,-0.0028330087661743164,-0.0012185927480459213,0.004607200622558594,0.001161267515271902,-0.0004756627604365349,-0.006958555895835161,-0.016890220800574268,0.09742252400633003,-0.0018119888982868154
0.657646894454956,0.0001103132963180542,-0.0016880277544260025,0.004354715347290039,0.013118861243128777,-0.006217437796294689,-0.009143945761024952,-0.016825589742117033,0.0973627200570702,-0.0019019581744621017
0.6673619747161865,0.00042823702096939087,0.0009914785623550415,0.006242990493774414,0.01860683783888817,-0.008457955904304981,-0.006008073687553406,-0.01666375873149018,0.09727297323975334,-0.0020037653644096416
0.6773068904876709,-0.0027322471141815186,0.0009243320673704147,0.008480966091156006,0.014268813654780388,-0.006198796443641186,-0.005300472024828196,-0.01648674279105194,0.09719794516322602,-0.0020796396043936435
0.6875698566436768,-0.00695318728685379,-0.007457863539457321,0.00938570499420166,0.0014955278020352125,-0.0017870930023491383,-0.00825871154665947,-0.016430817797677643,0.09716140758261467,-0.002160680653151023
0.698004961013794,-0.007300466299057007,-0.01202361285686493,0.010986685752868652,-0.001563911559060216,0.00010348530486226082,-0.007751911878585815,-0.01643418967778356,0.09717306861941054,-0.0022473746870027415
0.7073690891265869,-0.007041908800601959,-0.010032936930656433,0.009017586708068848,0.0047922879457473755,0.00189987663179636,-0.0037248393055051565,-0.0163813740115256,0.0971891651012188,-0.0023028676470473516
0.7173287868499756,-0.007937096059322357,-0.006114475429058075,0.005401968955993652,0.009888779371976852,0.0019555366598069668,0.0014222520403563976,-0.01627759699609945,0.09719922003600764,-0.002323638558067969
0.7273099422454834,-0.008613869547843933,-0.005616147071123123,0.004626631736755371,0.014696184545755386,0.0008283089846372604,0.0023813629522919655,-0.016160724051693443,0.09718912041120462,-0.0023131920923219495
0.737342119216919,-0.008305445313453674,-0.007221154868602753,0.005067646503448486,0.015271959826350212,0.006969025824218988,0.005593401379883289,-0.01599569005645341,0.0972315949236134,-0.0022877759786290373
0.7485411167144775,-0.011363022029399872,-0.00426272489130497,0.005335211753845215,0.015947138890624046,0.010628387331962585,0.007214521057903767,-0.0158448566394039,0.09732921348463848,-0.002232102019116043
0.7574241161346436,-0.009311415255069733,-0.0025264620780944824,0.003757655620574951,0.014517020434141159,0.009050197899341583,0.007879512384533882,-0.01569548940111032,0.09741400848517565,-0.002174128897982563
0.7675268650054932,-0.004475608468055725,-0.0018680812790989876,0.002660095691680908,0.010426854714751244,0.0023970436304807663,0.002873887773603201,-0.01552536902913517,0.09743032733412188,-0.0021271073427806633
0.7775418758392334,-0.00164138525724411,0.0009223045781254768,0.00115889310836792,0.005992957390844822,-0.008361062034964561,-0.001933650579303503,-0.015374736648957301,0.09735736423002435,-0.0021299533345393484
0.787606954574585,-0.001398436725139618,0.002103586681187153,0.003965795040130615,-0.0011108580511063337,-0.011117611080408096,-0.005447798408567905,-0.01529207758426936,0.09722043790189643,-0.0021709478617183294
0.7976889610290527,-0.003116413950920105,0.0012923367321491241,0.001540839672088623,-0.008285680785775185,-0.01469317078590393,-0.010937637649476528,-0.015325133993398897,0.09704552645377533,-0.002247772678287155
0.8074328899383545,-0.0030870959162712097,-0.0007820660248398781,0.0020931363105773926,-0.0077455416321754456,-0.014747986570000648,-0.015773778781294823,-0.015385382505029974,0.09684750065114103,-0.002372796801859285
0.8174159526824951,-0.0038011595606803894,-0.0018430361524224281,0.005406558513641357,-0.003844809252768755,-0.014018546789884567,-0.019638823345303535,-0.015424018155085473,0.09666045036245606,-0.0025445336107095345
0.8275249004364014,-0.004765503108501434,0.00256161205470562,0.007912814617156982,0.004400087520480156,-0.010864699259400368,-0.015768293291330338,-0.015413899022393696,0.09646416556500735,-0.0027190325887381478
0.8376319408416748,-0.0046125054359436035,0.002931969240307808,0.006064295768737793,0.011281429789960384,-0.0058347866870462894,-0.014405020512640476,-0.015333450995370456,0.09634099593617193,-0.002869837722274075
0.8480250835418701,-0.004006080329418182,-0.000697774812579155,0.005858123302459717,0.013952646404504776,-0.001388639211654663,-0.015148469246923923,-0.015209517355876119,0.09628342157537131,-0.0030333986416291626
0.8577830791473389,-0.0024112462997436523,-0.004007310606539249,0.005448281764984131,0.009123004041612148,0.00011364975944161415,-0.013125265948474407,-0.01511633352187034,0.09627533254421472,-0.0031887624051096233
0.8677928447723389,-0.002429068088531494,-0.005271537229418755,0.007202267646789551,0.008891708217561245,0.0033244453370571136,-0.013197596184909344,-0.015053038988572354,0.09629314942218954,-0.003318876792923508
0.8778579235076904,-0.003005005419254303,-0.008194954134523869,0.009750187397003174,0.007002196274697781,0.0013273409567773342,-0.011901436373591423,-0.015000986370818448,0.09630449065422349,-0.0034478615655900804
0.8894388675689697,1.519918441772461e-05,-0.00704717542976141,0.008060097694396973,0.005204112734645605,-0.005382182542234659,-0.012891385704278946,-0.014951832825533275,0.09627478459464969,-0.0035756528387829926
0.8992140293121338,0.0032423734664916992,-0.006521577946841717,0.006773173809051514,0.0018591824918985367,-0.011533286422491074,-0.010108117014169693,-0.014914515122760302,0.09617514771027227,-0.0036951052580862596
0.9076120853424072,0.0046026334166526794,-0.008797436021268368,0.008466541767120361,0.0009976830333471298,-0.01494026742875576,-0.007294167764484882,-0.014916813636497293,0.09601960072454878,-0.0037899880503571848
0.9176249504089355,-0.0005248412489891052,-0.007843119092285633,0.006941378116607666,0.001805420033633709,-0.013996442779898643,-0.00037261215038597584,-0.014923800314433307,0.09585149907431371,-0.003835156851050687
0.9275429248809814,-0.0040018558502197266,-0.00844225101172924,0.004835665225982666,0.003809998044744134,-0.013521291315555573,0.0005747808609157801,-0.014897318201959008,0.09569615111041048,-0.0038367755487937545
0.9377090930938721,-0.005765244364738464,-0.007889842614531517,0.005536079406738281,0.010626890696585178,-0.010395005345344543,0.004407069645822048,-0.01480266446106504,0.09556670778592417,-0.0038159875313136093
0.9488918781280518,-0.005827821791172028,-0.00308850035071373,0.005518078804016113,0.014485346153378487,-0.010670110583305359,0.006586174946278334,-0.014639974247592547,0.09546071003169034,-0.003768525151294406
0.9576799869537354,-0.006944470107555389,-0.0017862878739833832,0.006234586238861084,0.017247576266527176,-0.008303625509142876,0.008117225021123886,-0.014421113489846865,0.09534053897125133,-0.0037068679602984766
0.9676969051361084,-0.003971941769123077,-0.0035984190180897713,0.005863010883331299,0.013305531814694405,-0.00875236839056015,0.010457292199134827,-0.01421906387353593,0.09526656447457385,-0.003628488782591643
0.9777939319610596,-0.0027235373854637146,0.0006353659555315971,0.004607260227203369,0.009654871188104153,-0.017100844532251358,0.01198301650583744,-0.014059360675511426,0.09517720147640421,-0.003527432576197582
0.9878771305084229,0.0017645880579948425,0.00032899435609579086,0.009126722812652588,0.005810881033539772,-0.022823933511972427,0.010392949916422367,-0.013923214054735551,0.09500633845109997,-0.003431940019940137
0.9998149871826172,0.001928873360157013,-0.001858455128967762,0.007563114166259766,-0.00966554693877697,-0.02779073268175125,0.010460594668984413,-0.013898134687898125,0.09476461504339695,-0.003331144732892271
1.008286952972412,0.0007166862487792969,0.0015374217182397842,0.00911855697631836,-0.02284037135541439,-0.03636397793889046,0.009420789778232574,-0.014011791895005024,0.0944343028060719,-0.003215322946748013
1.0177149772644043,0.0007850080728530884,-0.0007245652377605438,0.00987088680267334,-0.03066234290599823,-0.03846920654177666,0.007744330447167158,-0.014229120924780517,0.09402874186955333,-0.0030995529260940437
1.027756929397583,-0.0017967373132705688,-0.003443402238190174,0.008682727813720703,-0.037025898694992065,-0.0351555272936821,0.010154543444514275,-0.014537102433426416,0.09363365821882637,-0.0029825769230072173
1.0377728939056396,-0.004397831857204437,-0.00449674017727375,0.008450150489807129,-0.04000997170805931,-0.029878469184041023,0.011618217453360558,-0.014903834453413273,0.09328876892650069,-0.0028325196473446257
1.0482709407806396,-0.006260983645915985,-0.0060514891520142555,0.0071111321449279785,-0.03278762847185135,-0.020816754549741745,0.01434316299855709,-0.015237918657454193,0.09303027038372541,-0.0026718664899938473
1.0578091144561768,-0.007987141609191895,-0.005680934526026249,0.008649289608001709,-0.03013511933386326,-0.014518378302454948,0.01680312491953373,-0.015538785959164803,0.09284869784408963,-0.002483430399517783
1.0678799152374268,-0.00807691365480423,-0.005014559254050255,0.011295437812805176,-0.020290261134505272,-0.010462428443133831,0.01711908169090748,-0.015772708912358362,0.09273996989611182,-0.002285951135486612
1.0777618885040283,-0.008128009736537933,-0.004427619278430939,0.013159215450286865,-0.00932469591498375,-0.0034173019230365753,0.015731042250990868,-0.015872426778023294,0.09269947976536291,-0.0021090417023973194
1.087834119796753,-0.008935697376728058,-0.0015072505921125412,0.012790322303771973,-0.011731743812561035,0.002867358038201928,0.012352025136351585,-0.015958048900465868,0.0927139003039172,-0.001960020335444192
1.0979211330413818,-0.0058809369802474976,-0.003012660890817642,0.011941194534301758,-0.011860640719532967,0.010855775326490402,0.009917096234858036,-0.01605966471616149,0.09280299752772586,-0.0018351725166179504
1.1078720092773438,-0.003981895744800568,-0.0009390469640493393,0.010371923446655273,-0.003733638906851411,0.01562461070716381,0.0078050498850643635,-0.01610702643288127,0.09293402008962118,-0.0017348958257088634
1.1178510189056396,-0.004384748637676239,0.0024112891405820847,0.010726571083068848,0.00015910365618765354,0.01236862875521183,0.008117171935737133,-0.01608310487849791,0.09306275109294185,-0.0016505562342945424
1.127959966659546,-0.00046759843826293945,0.001370379701256752,0.010644853115081787,-0.0028115527238696814,0.00789354182779789,0.001658527529798448,-0.016040632610322035,0.0931283696447536,-0.0015945360196399528
1.1384119987487793,0.0010502785444259644,-0.0015468597412109375,0.009755432605743408,-0.013714533299207687,0.00862138345837593,-0.004234781488776207,-0.01608922857018461,0.09316714436571694,-0.0016156271664334676
1.1482980251312256,-0.0012832507491111755,-0.002320263534784317,0.009641528129577637,-0.02752046100795269,0.010313734412193298,-0.005784794222563505,-0.016267562913467256,0.09321232546499453,-0.0016463956643819843
1.1578447818756104,-0.0034145936369895935,-0.005165411159396172,0.009747028350830078,-0.0406184196472168,0.02150833234190941,-0.007789622060954571,-0.016610313036255688,0.09333055863871231,-0.0016784708548252512
1.1679739952087402,-0.0035040080547332764,-0.0021069850772619247,0.012322783470153809,-0.023676937445998192,0.009742263704538345,0.0024173688143491745,-0.016939387546973536,0.09346688201711041,-0.0016855202543114842
1.177966833114624,-0.002594269812107086,0.005553256720304489,0.01592355966567993,-0.01656496524810791,-0.006734181195497513,0.005812632851302624,-0.01709166724266944,0.09344228307572378,-0.0016231992585425984
1.187925100326538,0.001194678246974945,0.004822786897420883,0.017164289951324463,-0.019417626783251762,-0.006010556127876043,0.01237599365413189,-0.017257584255937188,0.09336111388724655,-0.0015287432897273681
1.1986558437347412,9.291619062423706e-05,0.0017168838530778885,0.007726728916168213,-0.0896177589893341,0.00589617108926177,0.026110978797078133,-0.01775431302078472,0.09334975754347974,-0.0012796913975882558
1.2079579830169678,-0.0015292465686798096,0.005358435213565826,0.007600367069244385,-0.09352098405361176,-0.004690337926149368,0.03961549699306488,-0.01864476914868424,0.0933866740256434,-0.0008633815500976753
1.2179830074310303,-0.0018143132328987122,-0.02529977820813656,0.014444589614868164,-0.10206040740013123,-0.017897753044962883,0.014535710215568542,-0.019624817206700212,0.09326093480361457,-0.0005044282801713019
1.2280759811401367,-0.007460311055183411,-0.02533518150448799,0.014948427677154541,-0.09233595430850983,-0.020588388666510582,0.015833521261811256,-0.02053015005635976,0.09306360905732829,-0.0002757851163018392
1.238245964050293,-0.0005981847643852234,0.008032990619540215,0.009580612182617188,-0.06536027044057846,-0.05413436517119408,0.030094750225543976,-0.021250271643493045,0.09270148363120424,1.878477372713345e-05
1.251121997833252,0.004518598318099976,0.01149299368262291,0.018487274646759033,-0.0732385441660881,-0.06029350310564041,0.04522283375263214,-0.021849244822603166,0.09211511238925416,0.00047199383788567277
1.2606580257415771,0.001700073480606079,-0.009205194190144539,0.02079951763153076,-0.12152618169784546,-0.07237439602613449,0.04297539219260216,-0.022772273697436736,0.09146890187367854,0.0010165272648962732
1.2742478847503662,0.0018761232495307922,-0.0176051314920187,0.029678165912628174,-0.15769599378108978,-0.10084354132413864,0.042756322771310806,-0.02413828428912306,0.0906359665634635,0.0015506415980040588
1.284294843673706,0.0020962879061698914,-0.01060524582862854,0.03900367021560669,-0.2211034595966339,-0.15253177285194397,0.02785167470574379,-0.02601960610479549,0.0894075936617346,0.002092919823869526
1.2919180393218994,0.00961611419916153,-0.017389893531799316,0.05201148986816406,-0.31657999753952026,-0.1916501522064209,0.017762450501322746,-0.028639583745676125,0.08765441054583067,0.0025464855375838423
1.3013648986816406,0.008500136435031891,-0.03772984445095062,0.062343716621398926,-0.44672149419784546,-0.21654272079467773,0.004837329499423504,-0.032333913363550654,0.0856282754192539,0.0029963803124792078
1.3082079887390137,0.0010569766163825989,-0.028584394603967667,0.06296610832214355,-0.555984377861023,-0.2233053743839264,-0.002625646535307169,-0.037290591797993135,0.08344859960874991,0.0034282836896681584
1.3178679943084717,0.0032917186617851257,-0.03567337617278099,0.06356823444366455,-0.7363613247871399,-0.28558844327926636,-0.010149609297513962,-0.043652370804659356,0.0809804828147823,0.003930118407992611
1.3281729221343994,0.009109064936637878,-0.04556549713015556,0.08915442228317261,-0.9632980227470398,-0.33312901854515076,-0.07004101574420929,-0.05210461826388617,0.07785205903509293,0.004198535414105062
1.3382399082183838,0.006306655704975128,-0.08867763727903366,0.09937536716461182,-1.1403932571411133,-0.3569115698337555,-0.0806712880730629,-0.06277897056810704,0.07446004807638885,0.004214894780530425
1.348634958267212,-0.0039587318897247314,-0.08469780534505844,0.09060466289520264,-1.2945964336395264,-0.4010939300060272,-0.07462937384843826,-0.07495661954272617,0.0706680554499209,0.004344280819140921
1.3582179546356201,4.9330294132232666e-05,-0.06547185778617859,0.0948137640953064,-1.3780447244644165,-0.47899699211120605,-0.10726428031921387,-0.0884295189482424,0.06625229325215341,0.004362345177020414
1.3682811260223389,0.003858361393213272,-0.06308794766664505,0.09017002582550049,-1.4742584228515625,-0.5646699070930481,-0.1192115917801857,-0.10268178589481644,0.06104578141858216,0.004121104938562829
1.3782298564910889,0.0030574314296245575,-0.05173833668231964,0.06993138790130615,-1.5572409629821777,-0.5897318720817566,-0.1276644766330719,-0.11791414367969709,0.05513843719490163,0.0037788216363346346
1.3881080150604248,0.008535124361515045,-0.07409906387329102,0.03925687074661255,-1.6489152908325195,-0.612653911113739,-0.15566404163837433,-0.1339475208069509,0.049083719815545594,0.0031694464698636105
1.3984448909759521,-0.010037709027528763,-0.09066648781299591,0.0160447359085083,-1.8705416917800903,-0.6098439693450928,-0.1804141253232956,-0.1515641370155691,0.0427522189095414,0.0022787133921328383
1.4081580638885498,-0.003083880990743637,-0.1051764190196991,0.008505046367645264,-2.1598761081695557,-0.6080042719841003,-0.2264288067817688,-0.1717854943830867,0.036496707776109215,0.001060613786358046
1.4182379245758057,0.011521896347403526,-0.12119622528553009,-0.005743265151977539,-2.503661870956421,-0.6403446197509766,-0.2745921015739441,-0.19510941935671225,0.030006671944593378,-0.0007082014487496495
1.4282119274139404,0.006482906639575958,-0.09474730491638184,0.004491567611694336,-2.940014600753784,-0.6635592579841614,-0.32738029956817627,-0.22238453720105703,0.022907231731357815,-0.0030614001061016766
1.4382250308990479,0.008004691451787949,-0.11658790707588196,0.02243971824645996,-3.3370537757873535,-0.6517744660377502,-0.400892049074173,-0.25393661299471953,0.015598171802579696,-0.006172477832550152
1.4486749172210693,-0.0025205183774232864,-0.13419777154922485,0.022036492824554443,-3.5724101066589355,-0.6853463053703308,-0.4835444986820221,-0.2887362627808103,0.007818851174152373,-0.010364212315660225
1.4583008289337158,-0.02316875383257866,-0.09236276149749756,0.032638728618621826,-3.5713438987731934,-0.7279758453369141,-0.5119338035583496,-0.3246275333848866,-0.0007824125630675712,-0.015505406812494323
1.4683468341827393,-0.015621964819729328,-0.01533159613609314,-1.627206802368164e-05,-3.3273844718933105,-0.746658205986023,-0.4992756247520447,-0.3593011094784347,-0.01009264494506396,-0.0211042502680965
1.4782779216766357,-0.01833752542734146,0.07947087287902832,-0.03883206844329834,-2.8793702125549316,-0.740295946598053,-0.4616531431674957,-0.3904417343863096,-0.019673576417990443,-0.026799282590881636
1.4883511066436768,-0.04575536027550697,0.12579065561294556,-0.06078118085861206,-2.1058812141418457,-0.5676441192626953,-0.3896726965904236,-0.41549580503267336,-0.028478885116646084,-0.03213001452599869
1.4987359046936035,-0.08156806230545044,0.1388932168483734,-0.10158467292785645,-1.0813902616500854,-0.347965270280838,-0.3530571758747101,-0.43150214161159545,-0.03493706047209892,-0.03669873467796791
1.5083210468292236,-0.12967535853385925,0.20505079627037048,-0.1502819061279297,0.5669903755187988,0.10228045284748077,-0.2698039412498474,-0.43438159623858663,-0.03784910885132826,-0.04032801867497842
1.5183770656585693,-0.17034094035625458,0.3077435791492462,-0.23930895328521729,2.6822943687438965,0.42994698882102966,-0.1757006049156189,-0.4183583675115153,-0.03578551525716005,-0.04214893746061379
1.5284440517425537,-0.17036980390548706,0.47267115116119385,-0.2983357310295105,5.175879001617432,0.753052830696106,-0.030147764831781387,-0.37926697632202616,-0.030058180136322936,-0.04192294543665483
1.538383960723877,-0.13989052176475525,0.6357113718986511,-0.3238537311553955,7.86447811126709,1.2624181509017944,0.16607262194156647,-0.31382690798869306,-0.018997158929296116,-0.039463328481762476
1.5486900806427002,-0.18002404272556305,0.8112839460372925,-0.29139113426208496,9.768180847167969,1.350375771522522,0.22005434334278107,-0.22506577502218683,-0.0048671818428573125,-0.036229891561067935
1.5583040714263916,-0.18450568616390228,0.8358745574951172,-0.0012105107307434082,11.175952911376953,1.715210199356079,0.18292881548404694,-0.1197951414893799,0.010586001114748547,-0.03444062043374647
1.568436861038208,-0.16800276935100555,0.7497898936271667,0.14021050930023193,11.680472373962402,1.9932032823562622,0.14270715415477753,-0.004726775841794681,0.02945778394078586,-0.0351079425499266
1.578373908996582,-0.18473109602928162,0.9296757578849792,0.2713014483451843,11.074369430541992,2.094409704208374,0.19512295722961426,0.10979728132590989,0.049982175257194845,-0.038055202067233534
1.5885450839996338,-0.14051175117492676,0.851403534412384,0.40617769956588745,9.726629257202148,2.382359266281128,0.23066236078739166,0.2142447542510619,0.07296858240184219,-0.04218895986564651
1.5986559391021729,-0.17357859015464783,0.5300754308700562,0.32480698823928833,8.162068367004395,2.7467620372772217,-0.21058320999145508,0.30340077964107226,0.10059152163648752,-0.04974641048718071
1.6096389293670654,-0.3174560070037842,0.25078919529914856,0.28814637660980225,6.904112815856934,3.0983660221099854,-1.0204846858978271,0.377291572897655,0.13527635993220685,-0.06558369043103555
1.6197550296783447,-0.3996666371822357,0.11783352494239807,0.3646817207336426,6.128410816192627,3.217621326446533,-1.395646095275879,0.4394260607936375,0.17675093317915283,-0.08990102931656742
1.6284949779510498,-0.30459657311439514,0.20406782627105713,0.5148071050643921,5.780502796173096,3.2407188415527344,-1.5180635452270508,0.4948804981660221,0.2222040704087914,-0.11912726540747148
1.6385869979858398,-0.1573822796344757,0.2593684196472168,0.6319780945777893,5.524029731750488,3.216604709625244,-1.6879127025604248,0.5458909197099994,0.27165344579453565,-0.15295911033573165
1.6496179103851318,-0.009444504976272583,0.23229950666427612,0.7243372201919556,5.436147212982178,2.9626286029815674,-1.907732605934143,0.5929832901468091,0.324035789125836,-0.1924015925334875
1.658653974533081,0.19821754097938538,0.16476476192474365,0.8464351892471313,5.313523769378662,2.5855765342712402,-2.0506815910339355,0.6368119369595491,0.3782550640987615,-0.2380176017498358
1.6685020923614502,0.3877289295196533,0.10608333349227905,0.8237236142158508,5.09991979598999,2.2059106826782227,-2.1794092655181885,0.6763101324212502,0.43286996965260255,-0.288562879309887
1.6787269115447998,0.4716145992279053,0.017896533012390137,0.6759759187698364,4.873012542724609,2.0469202995300293,-2.1438424587249756,0.7114553023918665,0.48864088901961944,-0.3426435069537056
1.689305067062378,0.4238593280315399,-0.08526194095611572,0.5035313367843628,4.527713775634766,1.8823330402374268,-2.2423269748687744,0.7416363016611585,0.5459436606317654,-0.3994282417680136
1.6988449096679688,0.37332141399383545,-0.24320220947265625,0.4091574549674988,4.002098083496094,1.7640808820724487,-2.155856132507324,0.7654313493399661,0.6035618422052581,-0.4568798004791967
1.7085599899291992,0.34143155813217163,-0.35822027921676636,0.2723712921142578,3.484528064727783,1.6016831398010254,-1.9995758533477783,0.783387198196573,0.658432291275545,-0.5112940934555583
1.7185959815979004,0.27237555384635925,-0.41039782762527466,0.09605121612548828,2.9644672870635986,1.545089602470398,-1.847923755645752,0.7961859479538519,0.7098742103916601,-0.5615876548940705
1.7285840511322021,0.17582550644874573,-0.48162245750427246,-0.05444520711898804,2.460010528564453,1.5953047275543213,-1.5948374271392822,0.8047143066076068,0.7575262006792066,-0.6060647043920518
1.7386789321899414,0.07466799020767212,-0.5050902962684631,-0.13824832439422607,1.9312353134155273,1.5711249113082886,-1.1994997262954712,0.8105204041832117,0.7999411677211863,-0.6428422047454175
1.7494981288909912,0.007347166538238525,-0.5154688358306885,-0.15916964411735535,1.4924323558807373,1.5582538843154907,-0.8590209484100342,0.8146662280221363,0.8361644799984669,-0.6711232111836604
1.7586801052093506,-0.0437084436416626,-0.5192488431930542,-0.13864383101463318,1.2551215887069702,1.4378780126571655,-0.5461487770080566,0.8183937908029497,0.8670452950790088,-0.6928930171804425
1.7686738967895508,-0.0791972279548645,-0.43020302057266235,-0.08115494251251221,1.1725213527679443,1.2711058855056763,-0.23975887894630432,0.823087916467449,0.893269114813193,-0.710184383956287
1.7787139415740967,-0.08556342124938965,-0.32409703731536865,-0.0016019344329833984,1.036568522453308,1.0870181322097778,0.020154446363449097,0.829138931773365,0.9151306367514539,-0.7239651948257974
1.7888879776000977,-0.08647727966308594,-0.27576667070388794,0.03782191872596741,0.9946447014808655,0.8742523789405823,0.08660255372524261,0.8356990403749079,0.9333307518979287,-0.7353388617854154
1.798741102218628,-0.06341403722763062,-0.20208871364593506,-0.02580052614212036,0.9479171633720398,0.7992585301399231,0.12586313486099243,0.8423342941558749,0.9497464439111577,-0.7463173984121503
1.8086631298065186,-0.053149640560150146,-0.12137866020202637,-0.10702240467071533,0.664940357208252,0.7776311039924622,0.180672749876976,0.8483463026193119,0.964212097899344,-0.7550882114120134
1.8187499046325684,-0.030349552631378174,-0.12909293174743652,-0.17356815934181213,0.2715259790420532,0.752981424331665,0.14245159924030304,0.8523808659025879,0.9751994098998434,-0.7594963085092512
1.8286499977111816,0.02512747049331665,-0.1468958854675293,-0.20995593070983887,0.03441645950078964,0.6713317632675171,0.058638084679841995,0.853988218305604,0.9830676985488495,-0.760379537183349
1.8388168811798096,0.07734757661819458,-0.035334110260009766,-0.20617151260375977,0.02019411511719227,0.470986932516098,-0.008013647049665451,0.8542974698642917,0.9887665777029605,-0.7603589482483517
1.8490409851074219,0.13832885026931763,0.09410703182220459,-0.19427567720413208,0.07166003435850143,0.24305567145347595,-0.016271790489554405,0.8544381317978097,0.9928940031802896,-0.7610562783653918
1.8588988780975342,0.14770644903182983,0.11834836006164551,-0.16672652959823608,0.13244375586509705,0.01579722762107849,-0.06296659260988235,0.8547096160205628,0.9953954132627698,-0.7626382945669633
1.8689048290252686,0.13317841291427612,0.0591546893119812,-0.17337265610694885,0.1998502016067505,-0.14021621644496918,-0.09901343286037445,0.8548651166141947,0.9968737638774614,-0.7655335151376957
1.8788840770721436,0.10578465461730957,0.037903666496276855,-0.23753958940505981,0.20736058056354523,-0.19062025845050812,-0.08824414759874344,0.8552438690296981,0.997817246452931,-0.7690018087956946
1.888995885848999,0.056977033615112305,0.019599437713623047,-0.25558027625083923,0.06549470126628876,-0.19621272385120392,-0.11327764391899109,0.8552070699663845,0.9979085376646254,-0.7716759405385155
1.8991057872772217,0.038123905658721924,-0.09172302484512329,-0.21860697865486145,-0.14266861975193024,-0.215968057513237,-0.1287684440612793,0.8539837361985998,0.996185745429808,-0.7721583159900443
1.9089748859405518,0.03561908006668091,-0.14023810625076294,-0.165937602519989,-0.28029030561447144,-0.26542219519615173,-0.12039957195520401,0.851745782939428,0.9924638129728408,-0.7703915998752197
1.9189651012420654,0.03278869390487671,-0.09028130769729614,-0.12204355001449585,-0.2315632700920105,-0.31914135813713074,-0.09290323406457901,0.8493621859159208,0.9876705178883515,-0.7678970920347554
1.9288439750671387,0.029795587062835693,-0.005539119243621826,-0.10555028915405273,-0.09602287411689758,-0.3858163356781006,-0.05165284499526024,0.8478539577061214,0.9829644305876064,-0.7663882350200147
1.938938856124878,0.02095043659210205,0.0636521577835083,-0.0780145525932312,0.024666527286171913,-0.44032272696495056,-0.007167401257902384,0.8474278892357776,0.9787484150380683,-0.7662440751328159
1.9491260051727295,0.012036919593811035,0.06486201286315918,-0.05115032196044922,0.04041226580739021,-0.4600219428539276,-0.03790928050875664,0.8475267424431077,0.9746785150283211,-0.7669265936696981
1.9589869976043701,-0.00741809606552124,-0.012367963790893555,-0.028386294841766357,-0.12079712748527527,-0.4160108268260956,-0.07658503949642181,0.8468735168341563,0.9703611289841223,-0.7670380229433628
1.9689891338348389,-0.04235965013504028,-0.1030840277671814,-0.0029476583003997803,-0.30238446593284607,-0.3445607125759125,-0.09590903669595718,0.844936532688074,0.9650730333856888,-0.7650708876432664
1.9788930416107178,-0.05996537208557129,-0.09662938117980957,0.03423622250556946,-0.326479971408844,-0.2855890095233917,-0.09906408935785294,0.8422512479001218,0.9595695119587024,-0.7619152694998161
1.988933801651001,-0.06462359428405762,7.092952728271484e-05,0.06658673286437988,-0.15632395446300507,-0.2644692361354828,-0.04646388813853264,0.8401762082663021,0.9550127559048042,-0.7594678095886892
1.9994571208953857,-0.061416029930114746,0.10766422748565674,0.09074938297271729,0.06683588027954102,-0.2759690284729004,-0.029851090162992477,0.8396786843528977,0.9521684592566468,-0.7592723720932012
2.0090019702911377,-0.05157977342605591,0.1076277494430542,0.09548309445381165,0.08606710284948349,-0.2553279995918274,-0.04477363079786301,0.8399210319956812,0.9505938104994954,-0.7607636534483562
2.0191919803619385,-0.04376739263534546,-0.014302611351013184,0.08419224619865417,-0.08730628341436386,-0.21363410353660583,-0.05531628802418709,0.8395137140229233,0.9485850442873677,-0.761239084953716
2.029021978378296,-0.031921446323394775,-0.09857434034347534,0.06833866238594055,-0.2297137826681137,-0.16985830664634705,-0.07420023530721664,0.8380334976560191,0.9455790538039264,-0.759765811035828
2.039083957672119,-0.016009211540222168,-0.06728380918502808,0.04244750738143921,-0.25908634066581726,-0.14957860112190247,-0.09394091367721558,0.8359068393104238,0.9423301339838066,-0.757494058709619
2.0490779876708984,0.002402961254119873,-0.019987642765045166,0.02241349220275879,-0.2663003206253052,-0.1370263695716858,-0.10602831095457077,0.8335341565524601,0.9391756235965063,-0.7552316976579899
2.0589709281921387,0.020231246948242188,-0.009865999221801758,-0.012035369873046875,-0.34845617413520813,-0.10824211686849594,-0.0915582925081253,0.8309578288313788,0.9359567889656855,-0.7525141726192711
2.069074869155884,0.020370960235595703,-0.04642564058303833,-0.011756420135498047,-0.48984813690185547,-0.09775574505329132,-0.0838143453001976,0.8277501280788129,0.9318233291293705,-0.7482982460662415
2.078988790512085,0.016963839530944824,-0.09354877471923828,0.023040175437927246,-0.5959471464157104,-0.11161403357982635,-0.04881029203534126,0.8239629596423208,0.9264504978831585,-0.7424108221749793
2.089033842086792,0.012445449829101562,-0.07366675138473511,0.042143940925598145,-0.6991236209869385,-0.11786074936389923,-0.030121825635433197,0.8197493813460686,0.9200163588190852,-0.7352055866373802
2.0991599559783936,0.0016930103302001953,-0.08386355638504028,0.06138664484024048,-0.8768877387046814,-0.13868319988250732,0.03557462990283966,0.8149707371012834,0.9120869170093001,-0.7260944852697606
2.109081983566284,-0.011754989624023438,-0.10521793365478516,0.10106098651885986,-1.121559739112854,-0.15979629755020142,0.1042926013469696,0.8093925903637109,0.901874943351324,-0.714068757749879
2.1191208362579346,-0.02975165843963623,-0.1444488763809204,0.1549643576145172,-1.4369202852249146,-0.20560933649539948,0.13501322269439697,0.8023624935494473,0.8888362042240893,-0.6985294290091215
2.1291658878326416,-0.0356329083442688,-0.21066385507583618,0.19946637749671936,-1.6696784496307373,-0.2635532021522522,0.1860094666481018,0.7936098457838949,0.8731631482855945,-0.6798714515671218
2.1390440464019775,-0.02144300937652588,-0.18859702348709106,0.20249706506729126,-1.6868337392807007,-0.3739587962627411,0.25568920373916626,0.7843228820614372,0.8555319302790432,-0.6595029230857982
2.149030923843384,0.02185124158859253,-0.07553339004516602,0.14807862043380737,-1.5113263130187988,-0.5011002421379089,0.35373616218566895,0.7759453799293647,0.8373089149690531,-0.6397733989292528
2.159061908721924,0.05863213539123535,-0.014347493648529053,0.09339848160743713,-1.3514798879623413,-0.6820068955421448,0.457216739654541,0.7692943990831196,0.8184537728412198,-0.6212388961842714
2.1690680980682373,0.0808713436126709,-0.060874998569488525,0.09910464286804199,-1.3712821006774902,-0.8158451318740845,0.5591611862182617,0.7636551812713932,0.7980970777334248,-0.6027978600998867
2.1789801120758057,0.07720029354095459,-0.15572625398635864,0.09909486770629883,-1.5653117895126343,-0.9080895781517029,0.6506189703941345,0.7576482630377916,0.7755558667817845,-0.5826067202615625
2.1895699501037598,0.07308214902877808,-0.20419222116470337,0.0720357894897461,-1.907163381576538,-1.0284018516540527,0.7190017104148865,0.749878454633801,0.749968113028167,-0.5593734310810485
2.2007248401641846,0.09784069657325745,-0.24275052547454834,0.06819289922714233,-2.359255075454712,-1.1348353624343872,0.7961495518684387,0.7391935281903826,0.7207602706972791,-0.5323188511433343
2.209411859512329,0.11303934454917908,-0.2773666977882385,0.06853872537612915,-3.0750579833984375,-1.1650453805923462,0.832737922668457,0.7239046105625724,0.687865695349881,-0.5003776225761761
2.219248056411743,0.10988149046897888,-0.32449597120285034,0.07207375764846802,-4.013898849487305,-1.1624627113342285,0.791948139667511,0.7012450341503751,0.6516534518918183,-0.46285477891225923
2.229262113571167,0.09619706869125366,-0.40973055362701416,0.09895050525665283,-5.04341983795166,-1.1008018255233765,0.6825355887413025,0.6690650304009423,0.6135047300861455,-0.420564599322189
2.239313840866089,0.06861475110054016,-0.4247804880142212,0.13524341583251953,-5.956734657287598,-0.9922438263893127,0.526351273059845,0.6267442593532377,0.5757714014921623,-0.37544522719115275
2.249635934829712,0.05075633525848389,-0.3481431007385254,0.17516982555389404,-6.648813724517822,-0.944668710231781,0.33448702096939087,0.5753515462391441,0.5406360821229828,-0.3304050513778098
2.2592389583587646,0.07167184352874756,-0.24413982033729553,0.22738075256347656,-7.106878280639648,-0.9899083971977234,0.21169160306453705,0.5169873216517245,0.5085497521191753,-0.2872680879281854
2.269274950027466,0.1101652979850769,-0.11535406112670898,0.27967381477355957,-7.346731185913086,-1.092409610748291,0.1626063883304596,0.45404129818639954,0.4791820915947849,-0.24655723030113189
2.279352903366089,0.13124191761016846,-0.015059143304824829,0.3184642791748047,-7.342149257659912,-1.2651443481445312,0.15011005103588104,0.3888297692165086,0.451922116121598,-0.20879048238134293
2.2893359661102295,0.14076289534568787,0.08561980724334717,0.32119739055633545,-7.004819869995117,-1.3975311517715454,0.2630232870578766,0.32450013595155514,0.42647399576760836,-0.174199333668212
2.299299955368042,0.1501854658126831,0.2397916615009308,0.28318917751312256,-6.51453161239624,-1.5442029237747192,0.4028821289539337,0.2638538130642815,0.4025713957292464,-0.14244211143550034
2.3093159198760986,0.14512214064598083,0.3374120593070984,0.24895691871643066,-5.831007480621338,-1.6290199756622314,0.40028834342956543,0.20825297732998843,0.3800985434588655,-0.11427277639605243
2.319370985031128,0.1237427294254303,0.2912852168083191,0.20726388692855835,-5.3144965171813965,-1.7191423177719116,0.3137896656990051,0.15761378356862088,0.3590085637004434,-0.0903631862240585
2.3293020725250244,0.0861952006816864,0.1788887083530426,0.24335461854934692,-4.996416091918945,-1.7628785371780396,0.08964212983846664,0.11015682360849574,0.33891213341882265,-0.07063532364309512
2.339421033859253,0.03022173047065735,0.010792788118124008,0.2701861262321472,-5.122305870056152,-1.7704110145568848,-0.22515922784805298,0.062178603892184,0.31980362302372306,-0.054906923159721455
2.349665880203247,-0.02903887629508972,-0.0655786320567131,0.26084965467453003,-5.4772748947143555,-1.7748150825500488,-0.49039319157600403,0.010669673775805587,0.3016136045807741,-0.04216348302431969
2.359437942504883,-0.06638628244400024,-0.0030772723257541656,0.2714710235595703,-6.09555721282959,-1.7460854053497314,-0.5384680032730103,-0.04618456214299562,0.2841949770054418,-0.030690735054677416
2.369504928588867,-0.05939382314682007,0.21493086218833923,0.2903108596801758,-6.564234733581543,-1.875861644744873,-0.2669721841812134,-0.10864707107067038,0.26713449805785244,-0.017200378725621766
2.379567861557007,-0.015726715326309204,0.2618493437767029,0.29951417446136475,-6.728456020355225,-1.8775380849838257,-0.14319512248039246,-0.17351405967884442,0.25038819006939467,-0.001882183796587806
2.389630079269409,-0.011627912521362305,0.10683143138885498,0.2545856237411499,-6.6661601066589355,-1.7780039310455322,-0.11871816962957382,-0.23914579923605955,0.2351573078831081,0.01336480266034249
2.3995559215545654,-0.06492269039154053,0.08580034971237183,0.23697686195373535,-6.3950395584106445,-1.6366068124771118,-0.12073231488466263,-0.3030805697365159,0.22181470455029934,0.027509621535921847
2.4094929695129395,-0.10865959525108337,0.08176809549331665,0.2329520583152771,-5.941254615783691,-1.428695797920227,-0.22928713262081146,-0.3643665788007413,0.2105909914567981,0.040015607742799476
2.4196479320526123,-0.16122566163539886,0.08416682481765747,0.2130739688873291,-4.898192882537842,-1.294148325920105,-0.32304316759109497,-0.4175123212142397,0.20019614218715556,0.048890319979259654
2.429572820663452,-0.16775329411029816,0.025288164615631104,0.14405953884124756,-4.26406192779541,-1.094915509223938,-0.42015987634658813,-0.46330862184862165,0.19081024021808263,0.05469935646101945
2.4400618076324463,-0.11284235119819641,0.02163413166999817,0.13311946392059326,-3.649357557296753,-0.8899844884872437,-0.48312872648239136,-0.5030375470933817,0.18229843926546532,0.05794886919676525
2.450096845626831,-0.11308521032333374,-0.006819367408752441,0.07943540811538696,-3.112919569015503,-0.6430630087852478,-0.512834370136261,-0.5371293403964146,0.17524547202074503,0.05918426234770757
2.4595401287078857,-0.11437879502773285,0.001966118812561035,0.047745704650878906,-2.7735371589660645,-0.4124971628189087,-0.5224593281745911,-0.5668463347479269,0.1698993246006676,0.0590590202458146
2.469543933868408,-0.08838538825511932,0.04903072118759155,0.08891290426254272,-2.7013278007507324,-0.24247916042804718,-0.40357834100723267,-0.5947461728782134,0.1666316033910559,0.05892365923434212
2.481200933456421,-0.053336963057518005,0.22608011960983276,0.13689368963241577,-2.406980514526367,-0.251589298248291,-0.10373303294181824,-0.6204667614517518,0.16544644288593724,0.060970985531535946
2.489614963531494,0.011210009455680847,0.3244229555130005,0.11336052417755127,-2.1411666870117188,-0.33330148458480835,0.13821588456630707,-0.6427959044774421,0.1654493373739277,0.06597047066730487
2.4995758533477783,0.04720063507556915,0.1769939661026001,0.06443727016448975,-1.9872690439224243,-0.31602713465690613,0.1736156940460205,-0.6628094969386276,0.1659699952549202,0.07230183952874751
2.509539842605591,0.012537822127342224,-0.025883734226226807,-0.004261791706085205,-1.8741323947906494,-0.23202326893806458,0.13059601187705994,-0.6816639277806128,0.16696198523971809,0.07833290715919529
2.51967191696167,-0.017941683530807495,-0.06649911403656006,-0.07084029912948608,-1.7260265350341797,-0.16969864070415497,0.08451293408870697,-0.6992746837159678,0.16833025008448813,0.08360087303543343
2.5296590328216553,-0.004434704780578613,0.006011605262756348,-0.11794829368591309,-1.5748257637023926,-0.14987336099147797,0.03780965879559517,-0.715454390340262,0.169647832170322,0.08805178137871902
2.539665937423706,0.024866506457328796,0.047359585762023926,-0.13372600078582764,-1.3512696027755737,-0.11551619321107864,-0.005056313704699278,-0.7299237217056205,0.17059526182057724,0.09156868355834326
2.5496671199798584,0.034704193472862244,0.029652953147888184,-0.13013416528701782,-1.0899605751037598,-0.03997602313756943,-0.03965306282043457,-0.7420378022135021,0.17149351927678325,0.09405531040112862
2.5596001148223877,0.017922550439834595,0.05611389875411987,-0.11265629529953003,-0.8115538954734802,0.04947609454393387,-0.03244868293404579,-0.7515368137766133,0.17270102099870926,0.09574082004381838
2.5696780681610107,0.00556829571723938,0.1399880051612854,-0.07362473011016846,-0.4243612587451935,0.08180997520685196,0.045270614326000214,-0.7576572744708474,0.17444680004798205,0.09725344921739955
2.5796239376068115,0.017076298594474792,0.18958431482315063,-0.050938189029693604,-0.10612177848815918,0.045992057770490646,0.12804165482521057,-0.760026124357954,0.17637849598871375,0.09909292290988941
2.5897719860076904,0.027263492345809937,0.1413617730140686,-0.033864736557006836,0.14788715541362762,0.036644186824560165,0.16128914058208466,-0.7595276885906853,0.1780763640910592,0.1010289077407462
2.600188970565796,0.012789011001586914,0.020336568355560303,-0.03876882791519165,0.26095113158226013,0.0669669359922409,0.1583053320646286,-0.7571422435028023,0.17975230296573386,0.10272462190773467
2.6097209453582764,-0.012134373188018799,-0.03446680307388306,-0.052231788635253906,0.31097742915153503,0.10394781082868576,0.13626395165920258,-0.7540311405830586,0.1814840972591143,0.10399558860396248
2.6197168827056885,-0.02067813277244568,-0.03153437376022339,-0.055352091789245605,0.3231526017189026,0.10906321555376053,0.12202190607786179,-0.7506625242176262,0.18319638698433996,0.1049353846451973
2.6312100887298584,-0.008819758892059326,-0.015623688697814941,-0.0580938458442688,0.32953739166259766,0.11826075613498688,0.1210525706410408,-0.747230652480369,0.18493027994540476,0.10576518831811688
2.6397640705108643,-0.00023122131824493408,-0.007623553276062012,-0.054529011249542236,0.3658328354358673,0.1397513896226883,0.11852788925170898,-0.7436113008893848,0.18667180797561522,0.10650193478808005
2.649832010269165,-0.003005385398864746,-0.0075629353523254395,-0.05167496204376221,0.4571458697319031,0.18730396032333374,0.12653468549251556,-0.7393702333575133,0.18871010375381744,0.10708751798424365
2.6597540378570557,-0.009775549173355103,0.007766544818878174,-0.04774194955825806,0.6031941175460815,0.2197449803352356,0.13671088218688965,-0.7339394366439345,0.19100841689307066,0.10748679434524581
2.669796943664551,-0.016864851117134094,0.016756415367126465,-0.04562002420425415,0.7839615941047668,0.2441389262676239,0.1466902792453766,-0.7268486188720299,0.19339539692975374,0.10758910287251762
2.681195020675659,-0.015984058380126953,-0.00013643503189086914,-0.036319851875305176,0.9588146209716797,0.27937304973602295,0.1409330666065216,-0.7180229941042436,0.1957862192628712,0.10724603216970441
2.6897671222686768,-0.024021610617637634,-0.017551541328430176,-0.028453528881072998,1.1112010478973389,0.348924845457077,0.13541744649410248,-0.7075614756659889,0.19827452238193932,0.10634396178070599
2.700065851211548,-0.02996481955051422,-0.016402781009674072,-0.03515714406967163,1.1736398935317993,0.35796546936035156,0.10427310317754745,-0.6960269565081482,0.20095976282366879,0.10495081735061772
2.709904909133911,-0.02805960178375244,-0.017554819583892822,-0.02932041883468628,1.19012451171875,0.3807464838027954,0.08860141038894653,-0.6842438203067722,0.2034323019168672,0.1030688635545007
2.7201039791107178,-0.024371370673179626,-0.019741415977478027,-0.02655208110809326,1.1113446950912476,0.4119137227535248,0.07072574645280838,-0.6727251682588593,0.20617351249319135,0.10105328318245001
2.731210947036743,-0.013108596205711365,-0.010308027267456055,-0.027722477912902832,0.9788870811462402,0.40590596199035645,0.054262299090623856,-0.6623261567335352,0.20905107983193663,0.0990645164793541
2.7399280071258545,0.0009740591049194336,-0.006169795989990234,-0.018640518188476562,0.7971265912055969,0.39333078265190125,0.052866268903017044,-0.6534900761298003,0.21201062278307825,0.09736870990274389
2.750328779220581,-0.0011995434761047363,-0.018666982650756836,-0.015530884265899658,0.5734909772872925,0.37842780351638794,0.04785691574215889,-0.6466664301292518,0.21515043532729905,0.09616282543643077
2.759887933731079,-0.0069602131843566895,-0.03245854377746582,-0.010092318058013916,0.37344738841056824,0.36019498109817505,0.04292340949177742,-0.6419494519112731,0.2184256653540299,0.0954533305342742
2.7699058055877686,-0.009385600686073303,-0.04019349813461304,-0.013811826705932617,0.20163755118846893,0.339286744594574,0.03182969242334366,-0.6390933065936801,0.2217317200678344,0.0951332461913438
2.781407117843628,-0.009847640991210938,-0.03599148988723755,-0.019195973873138428,0.10115303099155426,0.3129233121871948,0.02298906445503235,-0.6376040052752852,0.22495439412752272,0.09504871917422804
2.789965867996216,-0.006973430514335632,-0.025744855403900146,-0.026518583297729492,0.07553618401288986,0.285807728767395,0.021435482427477837,-0.636739749767154,0.227975346508605,0.09507652807582828
2.8003439903259277,-0.006352260708808899,-0.0034028291702270508,-0.0345381498336792,0.10345516353845596,0.25077569484710693,0.02445151098072529,-0.6358441928542196,0.2306903602023712,0.09512262562905398
2.8100788593292236,-0.008552178740501404,0.008875250816345215,-0.04050701856613159,0.1632910519838333,0.22640123963356018,0.029433326795697212,-0.6344859188705098,0.23304776809613198,0.09507197288725655
2.8208730220794678,-0.009493768215179443,0.005039870738983154,-0.04279530048370361,0.22961653769016266,0.20834821462631226,0.03647898882627487,-0.6324857779488445,0.23512462110955779,0.09490367143862091
2.8318419456481934,-0.01180046796798706,0.00391775369644165,-0.03972220420837402,0.2656136751174927,0.18277937173843384,0.03849601000547409,-0.6299632414357331,0.23693953375230456,0.09464324339309763
2.8403120040893555,-0.01310873031616211,0.005939304828643799,-0.029259920120239258,0.29490926861763,0.1572524458169937,0.037511441856622696,-0.6271245490568708,0.23843373160798909,0.09428498130154937
2.850137948989868,-0.011707961559295654,-0.0077956318855285645,-0.01925903558731079,0.27879050374031067,0.1279027760028839,0.02927742525935173,-0.6242280552942555,0.23959398599406467,0.09384024015716712
2.8601129055023193,-0.009000569581985474,-0.005606174468994141,-0.01149517297744751,0.2633569538593292,0.08982010185718536,0.02410849556326866,-0.6215323371112298,0.2404076424301405,0.09336018865741316
2.8701860904693604,-0.009240582585334778,-0.003202199935913086,-0.009736239910125732,0.23838819563388824,0.06440834701061249,0.02177327685058117,-0.6190280402844414,0.24090950874371442,0.09289599342264047
2.8818891048431396,-0.00937013328075409,-0.0005050897598266602,-0.014070868492126465,0.2102859914302826,0.04206522926688194,0.018367093056440353,-0.6167861183711761,0.24120196653830997,0.0924795029407415
2.890220880508423,-0.009127914905548096,0.00599437952041626,-0.016415655612945557,0.1773758977651596,0.023753464221954346,0.017647506669163704,-0.6148617122499828,0.24131207755629766,0.09211890634382386
2.900216817855835,-0.008306637406349182,-0.004245162010192871,-0.015650570392608643,0.14458386600017548,0.012141549959778786,0.018060563132166862,-0.6132385127115352,0.2413414831096722,0.09185628010047328
2.9101369380950928,-0.009901434183120728,-0.01079624891281128,-0.011982142925262451,0.10332834720611572,0.004576974548399448,0.017688466235995293,-0.6119952146540574,0.24134759789186513,0.09171549906796732
2.920224905014038,-0.00835755467414856,-0.0042168498039245605,-0.00458604097366333,0.058641307055950165,-0.003753126598894596,0.024872343987226486,-0.6111531058114217,0.24135233001849465,0.0917235803313957
2.9317400455474854,-0.006658464670181274,-0.008163630962371826,0.00405651330947876,0.01888244040310383,-0.005450714845210314,0.02812454290688038,-0.6106995758031796,0.24128660047565487,0.0918508627433946
2.940176010131836,-0.0077950358390808105,-0.014035999774932861,0.010008931159973145,-0.006323046982288361,-0.004362014587968588,0.028292855247855186,-0.6106037549307689,0.2413178084263392,0.0921090102233655
2.9502739906311035,-0.007022663950920105,-0.008148133754730225,0.009396195411682129,-0.008948607370257378,-0.010571306571364403,0.02962225116789341,-0.61062483790055,0.2413478964823925,0.09241863004357669
2.9601550102233887,-0.0022236406803131104,-0.0018712282180786133,0.0038442015647888184,-0.004108578432351351,-0.007324380800127983,0.02999003417789936,-0.6106179767691403,0.24135615756024023,0.0927255604585595
2.970227003097534,0.0020186901092529297,-0.0003998279571533203,0.0004869699478149414,0.006492134183645248,-0.004132760688662529,0.02980686165392399,-0.6105541396838728,0.24138306245505523,0.09301538535853766
2.9812989234924316,0.0005907267332077026,0.002246677875518799,0.0022006630897521973,0.01865159347653389,0.0023331281263381243,0.026964204385876656,-0.6103038560518823,0.24144702075731742,0.09325774543655936
2.990299940109253,-0.0010896027088165283,-0.0017189383506774902,0.0056645870208740234,0.0226069875061512,0.008210014551877975,0.019049022346735,-0.6099480021068422,0.24152226454767137,0.09340214624128813
3.0002810955047607,-0.0014872550964355469,-0.005842268466949463,0.00958859920501709,0.017950452864170074,0.009671024978160858,0.015210341662168503,-0.6096916740225784,0.24161354702696128,0.0935039729193879
3.010549783706665,-0.0018061846494674683,-0.011585116386413574,0.019799768924713135,0.014871437102556229,0.008603008463978767,0.004546140320599079,-0.6094937090140369,0.2416925627687957,0.09354571444182067
3.0203769207000732,-0.004509031772613525,-0.010719895362854004,0.029674768447875977,0.019921589642763138,0.008595817722380161,-0.0030971323139965534,-0.6092945646938309,0.24169920400622472,0.09346907763963934
3.031467914581299,-0.00619882345199585,-0.004988670349121094,0.031203031539916992,0.027478957548737526,0.012072619050741196,-0.004922462627291679,-0.6090786652752908,0.2416762898272091,0.09331835379229597
3.0403268337249756,-0.008125826716423035,-0.0040166378021240234,0.025718629360198975,0.032233767211437225,0.026200421154499054,-0.007104657590389252,-0.608842344960461,0.24175613969048787,0.09315717008246213
3.0503628253936768,-0.012258902192115784,-0.0033019185066223145,0.0188332200050354,0.05454271659255028,0.04027412086725235,-0.004211612045764923,-0.608436199922753,0.2419902449859663,0.09296188266463314
3.06032395362854,-0.014782890677452087,-0.0035712122917175293,0.014957189559936523,0.07023219764232635,0.05723659321665764,-0.0054417261853814125,-0.6078719425615684,0.24234156838472523,0.09272253614907981
3.070305109024048,-0.01681123673915863,-0.006591856479644775,0.014916062355041504,0.08578765392303467,0.07002011686563492,-0.005101960152387619,-0.6071464363974031,0.2428088803853265,0.09242600055716729
3.0813539028167725,-0.01451064646244049,-0.003505527973175049,0.01605546474456787,0.08867878466844559,0.07831719517707825,-0.004979454446583986,-0.6063242296013202,0.24336067559886768,0.09211379809343748
3.0904428958892822,-0.012990385293960571,-5.453824996948242e-05,0.01636505126953125,0.08154648542404175,0.09266430884599686,-0.00554457725957036,-0.6055229008057338,0.24403302823755552,0.09179853766256411
3.10036301612854,-0.01321113109588623,-0.005010783672332764,0.013515353202819824,0.0698661282658577,0.09672217071056366,-0.008285236544907093,-0.6048700726082425,0.24482812029064183,0.09151440669299404
3.1104190349578857,-0.013294905424118042,-0.002645432949066162,0.011983513832092285,0.05288378521800041,0.09777829051017761,-0.010781044140458107,-0.6043689886545558,0.24563028294622857,0.09121668622966272
3.120772123336792,-0.008467644453048706,0.005522489547729492,0.010283708572387695,0.03413992375135422,0.08999361097812653,-0.013799470849335194,-0.6040483500347771,0.24638988327392614,0.09092948268515023
3.132222890853882,-0.005265340209007263,0.007605493068695068,0.00922471284866333,0.03187485784292221,0.08086122572422028,-0.02246827445924282,-0.6038349257492518,0.24700532461241193,0.09058951489506613
3.140523910522461,-0.008143961429595947,0.0018494725227355957,0.008815526962280273,0.03313719481229782,0.07393141090869904,-0.03231504559516907,-0.6036352365167736,0.24746098072206585,0.09011449901200785
3.150552988052368,-0.008386820554733276,0.010045826435089111,0.005541086196899414,0.0334465354681015,0.06187106668949127,-0.03560878708958626,-0.6034284951601467,0.24776743922549016,0.08955965688420099
3.1604220867156982,-0.005348727107048035,0.0181351900100708,-0.0008684396743774414,0.035802632570266724,0.05949872359633446,-0.03819151967763901,-0.6032405521796705,0.24798115656280673,0.08897878555652866
3.1704628467559814,-0.0068621039390563965,0.010264754295349121,-0.007996201515197754,0.04108869284391403,0.060761459171772,-0.04140057787299156,-0.6030330051232865,0.2481777541157573,0.088352429775704
3.181705951690674,-0.009115681052207947,0.009268999099731445,-0.013561546802520752,0.048153795301914215,0.06081711873412132,-0.045869361609220505,-0.6027598197306799,0.24829615283299644,0.08762856367805084
3.190624952316284,-0.007846906781196594,0.011398136615753174,-0.011235833168029785,0.05715249851346016,0.058184362947940826,-0.051394037902355194,-0.6024165132978221,0.24836713663669,0.08682530592892052
3.200521945953369,-0.007788270711898804,0.009481191635131836,-0.008436441421508789,0.05835118889808655,0.05651029944419861,-0.054888106882572174,-0.6020764413953994,0.24842548044545887,0.08598210443078655
3.2105491161346436,-0.0098838210105896,0.009683310985565186,-0.004031181335449219,0.07057013362646103,0.05164754390716553,-0.05732292681932449,-0.6016831465044191,0.2484588116520981,0.08512312596059565
3.220599889755249,-0.009422913193702698,0.0002942085266113281,-0.0005874037742614746,0.06956133246421814,0.048088766634464264,-0.060467854142189026,-0.6011893601854585,0.24838799680559534,0.08417957400580224
3.2317709922790527,-0.008474767208099365,-0.0018349289894104004,-0.0017848610877990723,0.0637156143784523,0.0395844504237175,-0.06161109358072281,-0.600810785777173,0.24824321928398568,0.0832328941011293
3.2406139373779297,-0.006116941571235657,-0.0012860894203186035,0.0009696483612060547,0.0696808248758316,0.027937114238739014,-0.06574538350105286,-0.6004415100862488,0.24799746527060573,0.08225789827991221
3.2509849071502686,-0.005477577447891235,-0.007280230522155762,0.0035248994827270508,0.07854292541742325,0.018652625381946564,-0.07128699868917465,-0.599939125120122,0.24758811096550137,0.08119266549980597
3.2605698108673096,-0.006202086806297302,-0.004419267177581787,-0.00018388032913208008,0.07725688070058823,0.002644096966832876,-0.07118260115385056,-0.5993754799764537,0.2470043273400521,0.0800714604428692
3.2706048488616943,-0.0007210224866867065,-0.0003554821014404297,-0.005798280239105225,0.07748676836490631,-0.00958926696330309,-0.06956345587968826,-0.598852090702668,0.24630069923721398,0.07898868653147306
3.281358003616333,0.0038312971591949463,-0.006780087947845459,-0.0058702826499938965,0.0716049075126648,-0.02280094102025032,-0.07285165786743164,-0.5983357445372451,0.24548220904096513,0.07789896825143061
3.290632963180542,0.002345353364944458,-0.009475290775299072,-0.0050421953201293945,0.0702957957983017,-0.03233443945646286,-0.06917750835418701,-0.5978858402345009,0.24455635985180213,0.07681796307701493
3.300632953643799,0.0032527297735214233,-0.004785001277923584,4.70280647277832e-05,0.07595288753509521,-0.04859250411391258,-0.06656814366579056,-0.5973803555446617,0.24352975372133442,0.07576762416633225
3.3105990886688232,0.007301196455955505,-0.005126774311065674,0.0029544830322265625,0.08248081058263779,-0.06348983198404312,-0.06094317510724068,-0.5967789097999374,0.24237681783615372,0.0747684194807131
3.3206589221954346,0.007179588079452515,-0.008684039115905762,0.0039310455322265625,0.07901044189929962,-0.072483591735363,-0.057563889771699905,-0.5961541679970561,0.24116985442873004,0.0738365170580826
3.331655979156494,0.007988795638084412,-0.012366652488708496,0.003515005111694336,0.07715506851673126,-0.07335110753774643,-0.0513843409717083,-0.5955336451927952,0.23996505615727123,0.07297976275086009
3.3405888080596924,0.008149966597557068,-0.013952970504760742,0.004739999771118164,0.07683256268501282,-0.07156093418598175,-0.044089943170547485,-0.5949064415648284,0.23880744898728812,0.07220633795288856
3.3508379459381104,0.010583043098449707,-0.010980188846588135,0.007084310054779053,0.08302923291921616,-0.0677960216999054,-0.03398905694484711,-0.5942281291073183,0.23775863218478102,0.07153487447301235
