label,file,accel_x_std,accel_x_energy,accel_x_mean,accel_x_max,accel_x_min,accel_x_mam,accel_x_itqr,accel_x_skewness,accel_x_meanPSD,accel_x_stdPSD,accel_x_maxPSD,accel_x_medianPSD,accel_x_entroS,accel_y_std,accel_y_energy,accel_y_mean,accel_y_max,accel_y_min,accel_y_mam,accel_y_itqr,accel_y_skewness,accel_y_meanPSD,accel_y_stdPSD,accel_y_maxPSD,accel_y_medianPSD,accel_y_entroS,accel_z_std,accel_z_energy,accel_z_mean,accel_z_max,accel_z_min,accel_z_mam,accel_z_itqr,accel_z_skewness,accel_z_meanPSD,accel_z_stdPSD,accel_z_maxPSD,accel_z_medianPSD,accel_z_entroS,rotation_x_std,rotation_x_energy,rotation_x_mean,rotation_x_max,rotation_x_min,rotation_x_mam,rotation_x_itqr,rotation_x_skewness,rotation_x_meanPSD,rotation_x_stdPSD,rotation_x_maxPSD,rotation_x_medianPSD,rotation_x_entroS,rotation_y_std,rotation_y_energy,rotation_y_mean,rotation_y_max,rotation_y_min,rotation_y_mam,rotation_y_itqr,rotation_y_skewness,rotation_y_meanPSD,rotation_y_stdPSD,rotation_y_maxPSD,rotation_y_medianPSD,rotation_y_entroS,rotation_z_std,rotation_z_energy,rotation_z_mean,rotation_z_max,rotation_z_min,rotation_z_mam,rotation_z_itqr,rotation_z_skewness,rotation_z_meanPSD,rotation_z_stdPSD,rotation_z_maxPSD,rotation_z_medianPSD,rotation_z_entroS,roll_std,roll_energy,roll_mean,roll_max,roll_min,roll_mam,roll_itqr,roll_skewness,roll_meanPSD,roll_stdPSD,roll_maxPSD,roll_medianPSD,roll_entroS, pitch_std, pitch_energy, pitch_mean, pitch_max, pitch_min, pitch_mam, pitch_itqr, pitch_skewness, pitch_meanPSD, pitch_stdPSD, pitch_maxPSD, pitch_medianPSD, pitch_entroS,yaw_std,yaw_energy,yaw_mean,yaw_max,yaw_min,yaw_mam,yaw_itqr,yaw_skewness,yaw_meanPSD,yaw_stdPSD,yaw_maxPSD,yaw_medianPSD,yaw_entroS
rotate_next,rotate_next_4.csv,0.04715946299885171,0.003114509793614606,-0.02984116021998042,0.1652540862560272,-0.2769730687141418,-0.0155114382505416,0.030314095318317455,-1.4885494349274757,0.00047639752757861777,0.00044478282289352774,0.001653951498712431,0.00041507553934853485,4.7720611505204165,0.19965570320779746,0.0398642881183383,0.0013741524435761734,1.10974383354187,-0.8261784315109253,0.0533696636557579,0.023602908710017828,1.4335740370390426,0.009611816365186224,0.009815041329877015,0.03490724625991493,0.005846752389320016,4.706641315689471,0.197007391843277,0.04195315638462751,0.05604680136936466,1.093475341796875,-0.2977475523948669,0.2213277220726013,0.015250250697135825,3.561748166378915,0.008903333157126471,0.010839621374704244,0.03925745095304314,0.0043926947483082564,4.417673050448496,4.076262345760535,16.616516506643226,-0.024531513977818577,17.002565383911133,-22.752086639404297,0.0098924371413886,0.04889160161837927,-0.9311554637565881,4.0470990331972505,5.928670168870658,22.30927290411901,1.0580055102904582,4.1021064560079195,0.5686225708793371,0.32442639402071394,-0.03308724689797111,1.8244367837905884,-2.917487621307373,0.0082256929017603,0.030197205254808,-2.0399649078061617,0.07837364382076054,0.14281553411377673,0.5690618849428328,0.00905726158460328,3.7042748167590793,0.5026952964432945,0.25589413002157185,-0.05649397273479802,1.7400221824645996,-2.761627674102783,0.0036282271612435,0.0395350512117147,-2.8049173327631207,0.06098319399571211,0.08632356991241749,0.323171365978832,0.012600251088823795,4.156083413879917,0.9088724392471931,0.8584527824232094,-0.18001019860015438,0.1849236904453501,-2.908705351461075,0.1338861869584583,0.029536554740599574,-2.549239167903896,0.19443803243421764,0.44440278465378935,1.9254993774532119,0.011040735930870389,3.2059708320090405,0.30472483329485134,0.12359453879789538,-0.17532060566664845,0.0128113250066534,-1.4456250939024822,-0.04935780295420585,0.13052244989252118,-2.2838068563403637,0.020701770896581328,0.04745221346028618,0.225870160404773,0.0024974092918418718,3.3800126235850962,0.8332587742110178,0.7450297689613881,-0.22518788635657186,0.1596379229618452,-2.727657000431534,0.0035587417095623,0.13410870801076819,-2.539120460678116,0.16352045789960437,0.3650141928481331,1.5707752472438938,0.011654193047980224,3.2831341026849916
rotate_next,rotate_next_5.csv,0.03254958813131849,0.0014089145134428165,-0.01869328290922563,0.0698121339082717,-0.1870632767677307,-0.0106976330280303,0.014655530452728275,-2.3194106676356263,0.00023670553042031163,0.0001836540836650204,0.0006017411649295462,0.0002189903323297339,4.570012626369948,0.17480492573809273,0.03075951930529102,0.014239285199437278,0.7886298298835754,-0.435660719871521,0.20561385154724116,0.015434712171554527,2.040537883853224,0.006972243265177317,0.008971463400871621,0.03679069347044221,0.0037791776215802216,4.155536179724848,0.19842428349985558,0.04330224727676142,0.06269011879339811,1.2204211950302124,-0.1733192801475525,0.2681192606687546,0.01241499185562125,4.03559375732319,0.00908128872505371,0.009135390642151735,0.031229501187552036,0.004547530062136822,4.340254772109826,4.238962692411184,17.9695651745023,-0.02757656339053941,16.543209075927734,-19.20450210571289,-0.0041740555316209,0.03397780354134733,-0.6494783659195462,4.048473295591486,6.4814865295881425,24.02341492118448,0.599203641723767,3.58197379798795,0.4449899956381268,0.19835489077691004,-0.018406372779281813,1.371670126914978,-1.6950727701187134,0.0055099343881011,0.03911187197081733,-1.4095437872531906,0.043351343586161856,0.08213776804452498,0.33529946092395896,0.0036126096267766602,3.3015253485849354,0.48454528238912337,0.23744488987679868,-0.051582547351245005,1.351243495941162,-2.1476757526397705,-0.0017560987034812,0.043951877392828353,-2.0462237452633616,0.050752573169820465,0.07506276187139874,0.27503852992477085,0.006987386324919474,3.767003181849157,1.0741498465640624,1.276340133082409,0.35006033795448743,3.1344749396058726,-3.1217879202837997,3.1148517915751857,0.056583807684669696,-0.2714136907773338,0.27857224683457904,0.35630539761532265,1.1708925609052472,0.11352102554273685,4.0788057488365,0.363132023695759,0.1753159142608522,-0.20844914878088355,-0.008528009265318,-1.330686294149476,-0.040428687900588595,0.05567146354789612,-1.893300687702079,0.02761676312129604,0.06494187747485072,0.2899471444168963,0.0022736046369949466,2.8821259281382066,1.0506954921209517,1.1674173966876247,-0.25190549720944105,3.0512453769874828,-3.0950849206045032,0.0518797964725462,0.051897417597884896,-1.5664668718248003,0.25924300662844274,0.3280061247268297,1.2347863143174536,0.1344238606993739,4.193601486284767
rotate_next,rotate_next_7.csv,0.04597916562524401,0.0023789105907915543,-0.016273503593201226,0.1157932505011558,-0.2405511140823364,-0.00920908944681285,0.009367913007736199,-2.347079954339888,0.000430326775111137,0.000363673512357777,0.001587486731949655,0.0003590728496563726,4.427648660843508,0.23374401872862047,0.05506854684125124,0.020791357575819423,1.4049246311187744,-0.5663491487503052,0.0789961814880371,0.014140345156192651,3.579173492306756,0.013014749854139555,0.009650932121354113,0.03551649198630927,0.010150274052675837,4.505939725586238,0.16642013187765217,0.031097853775691346,0.05832832486465057,0.6034411191940308,-0.5104652047157288,0.2483232021331787,0.04348285496234889,1.1023293812746582,0.00535058838354644,0.0033179406062640157,0.015550766510241034,0.004529526866014398,4.639974713760318,4.533562090100265,20.555176738739156,-0.04462638171389699,15.844297409057615,-19.232158660888672,0.0102694826200604,0.12623548461124284,-1.4266157076195356,4.431594129768582,6.44359963729643,24.33495715687885,1.343335811346826,3.757734042813794,0.4795128920188821,0.23006788152525634,-0.011630473461740754,1.3337455987930298,-1.856061577796936,0.00810525193810455,0.07948519417550404,-1.4083115129648396,0.04812705292450857,0.09200962451949737,0.3861613840522827,0.010292177648464764,3.306481699717209,0.5334729290445968,0.28712855825526734,-0.05035069246639915,1.627004623413086,-2.512813091278076,0.0023609884083271,0.045514552854001425,-2.2151163823364093,0.06435035721274963,0.09374434794143038,0.32479037046786374,0.014635060387631491,3.6595707310668923,1.2676855615981955,1.7152245105245152,-0.3289343816629435,1.063768886868219,-3.133879118046759,0.2058397478017385,0.07449826875158908,-1.6967404714990268,0.32277862233089116,0.7103531200733544,3.014173882804211,0.053200374637189,2.9420644540953136,0.3280223303510173,0.20628677739126094,-0.31414666667394237,-0.0698629005860872,-1.5240597438576913,-0.07323103385572044,0.25898209170086356,-1.6043889092138408,0.018038562563243713,0.041006382417582074,0.18305865259929247,0.0023518617922088916,2.9820822832790883,1.1670889576081458,1.5823470696470854,-0.4693084643134165,1.113921192779889,-3.028369007067861,0.008337756924439499,0.06835185199444037,-1.6615439518565103,0.2751902307238341,0.5848087452396818,2.4878093856643964,0.053574134554281845,3.044966512421601
rotate_next,rotate_next_6.csv,0.03994038419200376,0.0028165934315008655,-0.034947949039907916,0.0846570432186126,-0.1936056911945343,-0.02005198597908015,0.023591309785842896,-1.2503996929778574,0.0002859638462619716,0.000409206822868624,0.0016189328429927733,8.281069857919578e-05,3.654875045314298,0.21533604315030755,0.04641541153217434,0.0067675736082612415,1.327747106552124,-0.3945995569229126,0.01996581256389615,0.0231807399541139,4.177176476318464,0.01163561800151176,0.007116718484261818,0.02973456869097175,0.009858227685025327,4.48039943583323,0.14912410160181222,0.02490720728880553,0.05166439402778194,0.7341757416725159,-0.2326738238334655,0.1999738216400146,0.0339205265045165,2.492028792859799,0.0037797983341296055,0.004355418224470316,0.01701498377646876,0.0016905141807436884,3.9569694645515914,4.522418638966378,20.453313231132103,-0.03229373099528389,13.866621017456056,-17.31874656677246,0.0274889897555112,0.10075874812901009,-0.9580941514784469,4.612305600216225,7.696384271500706,29.611455706894528,0.8482464268404614,3.318021868760062,0.454454277801855,0.2067292179537164,-0.014160767680842352,1.5168845653533936,-1.3890477418899536,0.0362770333886146,0.08484191820025441,0.02873396739055652,0.04181490380058112,0.0849654427025385,0.32147304969951185,0.005119998193508377,2.9037129895770617,0.6053007173690954,0.36669148073138874,-0.017393167734690858,1.520464301109314,-2.6067535877227783,0.0169114880263805,0.049443662166595403,-1.5772498539788344,0.08596035406004934,0.1519641346629344,0.5772023840502648,0.012492046367354216,3.2535006283134087,1.207088601836985,1.4776375016121817,0.1434385196779943,3.139638818343065,-3.1199224434294717,0.2915807906408837,0.134836166378004,-1.049435594051076,0.345194389570159,0.4261459438146172,1.3186690988578873,0.12261650721530862,3.821960015640987,0.365075073781247,0.19417162761764556,-0.2467626757053477,-0.0204223336315941,-1.4019794164515305,-0.0272254192108851,0.10354935420347401,-1.676318222676342,0.02549716947118455,0.055512578344133465,0.21954597109606222,0.0029080481161497798,2.791590311275914,1.1517318167868646,1.37139735926941,-0.2119225836720539,3.135197982163273,-3.10268572604304,0.0032304363778915,0.0535181865562256,-0.9213044029851122,0.3052788671985258,0.35863423845719705,1.1443657859761134,0.1071198523300258,3.9123654874065266
rotate_next,rotate_next_2.csv,0.030632230347013553,0.0011034972194997618,-0.01285160236963717,0.0753224715590477,-0.1196863204240799,-0.0051481425762176,0.01071465201675885,-1.3395243558850416,0.0001849056162047415,0.00012052594025839228,0.000506813575770987,0.00015880570135839696,4.788849795730579,0.20515800036241097,0.042343246411769175,0.015919839793985556,1.4539306163787842,-0.3519976735115051,0.1557424366474151,0.019037855789065326,5.043997418215537,0.010303341328103437,0.004191550823288252,0.019474172737316976,0.010169599110637872,4.957714702390057,0.1495845021097506,0.024944589699044204,0.05068595888036667,0.6480220556259155,-0.2356929183006286,0.28236009180545807,0.015358358621597276,2.7643678246553027,0.004219981604084673,0.00487636556296015,0.020215345049697683,0.001888257876999669,4.343932189722423,4.291157678511763,18.41734473898795,-0.05753709357866848,14.040839195251465,-22.675125122070312,0.020002653822302797,0.17184710386209182,-1.8029059923868918,4.120628611283515,6.32267746457725,24.796633367450784,0.8544739398407348,3.8344805808072877,0.5239776101049222,0.275223913552492,-0.025910956393504,1.4331437349319458,-2.1887316703796387,0.0029437348712235,0.025723417522385626,-1.4896938804210331,0.06030733198107217,0.1169022017408744,0.48660374933349043,0.008869696641579118,3.403485096965199,0.4964748384872878,0.2506061301784366,-0.06417838364634945,1.143120288848877,-2.3818678855895996,-0.0007390374084934,0.0268428259296342,-2.7754730538872594,0.05854063848476536,0.0965335242375386,0.3731538616857783,0.005882677918877387,3.5780937556644132,0.9780631193958645,1.072286199896652,-0.34011576613600664,0.0911928538070077,-2.8510175573614887,0.0775158932159496,0.021905436545328207,-2.05436170085852,0.19507070949269179,0.46554317642269955,1.9952577590282934,0.01001169471516377,2.7741425294301107,0.3536092271720495,0.16457549518787137,-0.19883664060393202,0.1051616276562403,-1.358277113636608,0.0548980344227516,0.2814653952127216,-1.552201708957475,0.02298942828856549,0.053891090766998724,0.22751457630472136,0.003302166408628529,3.1073099818255727,0.9453420761850172,1.0662337505230726,-0.41540595748890474,-0.002027896344003,-2.8374932978135825,-0.009650521029842998,0.02895085427941207,-2.0578163297235776,0.18311658032593858,0.43219212272369084,1.8492014982100706,0.010132143403233464,2.8105073025695173
rotate_next,rotate_next_3.csv,0.03994587517216731,0.001792475430996037,-0.014028630999697185,0.1351203322410583,-0.1787188351154327,-0.00648844987154,0.0101085435599089,-1.0177468399233864,0.00015205442185764435,0.00016384333669948293,0.000674029341892298,8.979387748050773e-05,4.554750862901711,0.16402076279716132,0.027130038931344035,0.015074093763187957,0.8885704874992371,-0.4373225569725036,0.1545074582099914,0.017592524178326026,2.1004839421864023,0.00403445764002302,0.0035536723923701896,0.012252048909124312,0.0028007693697053187,4.67260213022303,0.1794060636106884,0.03508146190422411,0.05380451880596777,0.8499690294265747,-0.3802544474601745,0.2878618836402893,0.0095095336437225,2.8469739712972557,0.00421562848348294,0.004476560201272585,0.014416990467504227,0.001601565556972617,4.4174668310973395,4.116167045911079,16.942836068873834,0.002217888520602641,15.57992172241211,-20.21517562866211,0.0201937183737754,0.032305774046108,-1.0701369467298514,2.563283061303325,3.9105537790031786,15.093614960084619,0.7415074813601862,3.9210123658113805,0.6179232258317423,0.38253494582550845,-0.026567514057623563,1.7898224592208862,-2.4571502208709717,-0.00239013321697705,0.02798707224428645,-1.300106500972386,0.058186302452141486,0.11320561788708702,0.42585855702515735,0.0041011026830357,3.412682464621964,0.5316288044207449,0.28716675470553327,-0.06736148020718245,1.5745139122009275,-2.186161518096924,-0.00656182598322625,0.030568561400286798,-1.8147382591470913,0.04603186076145339,0.07368672893119524,0.26773108294483267,0.003998291822462156,3.762325367799471,0.9458334360363082,0.9373628509483567,-0.20678965695630755,0.1900870040046859,-2.9656442152621585,0.13784225608827244,0.024465078223948306,-2.4514819344073584,0.12167019874736204,0.27929255860224744,1.1045016279395226,0.008852716687752154,3.0426488422438607,0.3617225212081023,0.14585603868339622,-0.12252696166252638,0.0771809932839166,-1.43328949445502,0.0438028640306326,0.06415628253139025,-2.1941748455615437,0.017223462371473996,0.04065400841750455,0.17393254592259558,0.0022852495504538666,3.203134396498142,0.8546491489317696,0.8277112158141393,-0.31190711444970476,0.0806680643239037,-2.7969890846546472,-0.0029157361757417,0.02937156354882225,-2.4684275375455713,0.10012513582082881,0.22466151213975646,0.8871726120570196,0.008672719333207545,3.118049593671919
rotate_next,rotate_next_1.csv,0.07125735607512264,0.0051885655646875355,-0.010533507007199355,0.1832662373781204,-0.4441906213760376,-0.00084256380796425,0.0105370450764893,-3.545798296552029,0.0009736886532651261,0.0006529145802939784,0.0027818290520712522,0.0007608689022983536,4.9407024124716825,0.20574351431244464,0.04242904091439755,0.009932131330306477,1.4201481342315674,-0.6945318579673767,0.0946679711341857,0.015552946366369624,3.880231103233719,0.007777959909078459,0.007241251906115679,0.02754310647016668,0.005424119105284827,4.635952071288423,0.2215775374527913,0.05309760193012636,0.06325343331775148,1.0622859001159668,-0.419991672039032,0.33012971282005305,0.015448436141014127,3.2184090820700364,0.01002910309473231,0.009820157083320779,0.03854103660609572,0.005511170052357127,4.657097792198642,4.606077805557906,21.217109077620872,0.03400480506840993,19.4204044342041,-23.154783248901367,0.273200124502182,0.06418395438231518,-1.415741002291104,4.175385337530773,5.630919513174709,21.728681666005798,1.6332100085819596,4.166215086781362,0.5826218704948841,0.3395664196680178,0.010870864227842031,1.802662372589111,-2.486783504486084,0.03171892371028655,0.03653251146897665,-0.5171120099143953,0.07110298257601444,0.138672358225183,0.5429532056165156,0.012754501200015547,3.555891773846424,0.6106863476065949,0.3777086869205098,-0.06907149750386946,1.564053297042847,-4.160015106201172,-0.0003081379691139,0.03016591747291375,-4.522670684589748,0.0648209423597799,0.0767608432617312,0.26717063406686364,0.02076781865977716,4.3386405224340026,0.9171840748252413,0.9003955051757507,-0.24324653761711992,0.110006801266987,-2.857174120820008,0.1050387201434547,0.007590555732698137,-2.348299105424093,0.16444926093072046,0.3794928010372184,1.6071158494985143,0.00929678687667413,3.028073068319815,0.32438934872942027,0.12020875399801594,-0.12239405389527103,0.0585850407509765,-1.3594385299117486,0.0217161723718715,0.057721854136943945,-2.3137720866865505,0.02077523393285716,0.04534301447637001,0.20405968996604307,0.003107234557206396,3.3411123763256407,0.8661583024611824,0.8450112384478576,-0.30786528470326185,0.0346856586818773,-2.761377532265399,0.0198517767783658,0.025694813149595236,-2.35209596856958,0.14697599145635523,0.3325274086038391,1.4015104636621103,0.009880952010164461,3.0938234575072987
rotate_next,rotate_next_0.csv,0.03404755924423114,0.0012955227194334307,-0.011674177870154356,0.0484858155250549,-0.1616565436124801,-0.00295991078019135,0.0156694334000348,-1.9664696396283,0.0001510944760135829,0.0001471549865279345,0.0005345324381954235,9.625395641271431e-05,4.014506484948239,0.12661988110555006,0.01605712389515772,0.004952737018466017,0.6145363450050354,-0.3491234183311462,0.07638517022132871,0.0281958561390638,2.0862311945572647,0.003168767972754915,0.0029017921787425037,0.010013359637873252,0.0027278720884799787,4.063912771906979,0.1239868834798374,0.01683857692948285,0.03828615486621854,0.4768292903900146,-0.4827650189399719,0.1320889294147491,0.028155267238616923,0.06766952099116869,0.0022597179168324464,0.0013145028326453357,0.005531737403512534,0.0020271095413552744,4.4580684103156045,3.809319667446222,14.512842687435732,-0.043890302381478216,11.093125343322754,-13.255718231201172,0.0158690121024847,0.15283295721746973,-0.8569074589104564,2.734092538803416,4.825530154545539,18.099148738245383,0.31365557433655533,3.1060046365193643,0.5108259062129097,0.26333182454698273,-0.048874513693153855,1.1583043336868286,-1.7539054155349731,0.00406556902453295,0.053739029914140625,-1.2850135985679119,0.05003599393227971,0.09826440730236903,0.3527916733945278,0.0015918435459799725,2.801139443411329,0.4196514271136315,0.1791043523214022,-0.05474515542853624,1.0601569414138794,-1.6453750133514404,0.0038133434136397503,0.07170386845245949,-1.8959178006144402,0.03765819521551294,0.06540607314402186,0.2406803771812789,0.0029023365432728713,3.116119862927908,0.8784283667125454,0.8378993932534894,-0.25741600146109656,0.1281233083447761,-2.7529938760470367,0.1181305323776442,0.0624060621161311,-2.206115759390073,0.13419958358505818,0.2727302288856264,1.002912679102955,0.007609328425004092,2.6831409951572276,0.46264838899378513,0.26502097022837684,-0.22578183804246113,0.0886178150328833,-1.418513369297291,0.0455377077108014,0.18918047590022102,-1.5566659218913623,0.034495660698793146,0.08429422751510772,0.3144432268919556,0.001467810183205252,2.3536149532104393,0.8365274590991201,0.8167065672778636,-0.3419479162840935,0.0111824849925641,-2.7253897281333326,-0.0048802442944851,0.011247743010265874,-2.225943356017746,0.12224501025582049,0.24360295749744396,0.8921378266149248,0.007724266936410629,2.729107875678887
rotate_next,rotate_next_8.csv,0.03313231026889535,0.0013518386846671977,-0.01594016000273678,0.0750083476305008,-0.1440297365188598,-0.00911961495876305,0.011551268398761801,-1.6004763822703392,0.000218652384687205,0.0001774740764766539,0.0007645984684126005,0.00017942795098489393,4.564754989754942,0.22202415680465584,0.04980095143492113,0.022499449551105503,1.4180853366851809,-0.6283292770385742,0.25258409976959223,0.01720450818538655,3.7039367328298285,0.012000096414095569,0.006300267849903686,0.026370622406517927,0.011172161287190615,4.78662427259368,0.16937805009378687,0.031954293165361,0.05714341004689532,0.7348746061325073,-0.2007588744163513,0.3011542558670044,0.01744982600212095,2.816222933070792,0.005973438828288772,0.005979251421315629,0.019411987711645585,0.0037377378535356793,4.29279207775582,4.3088406444716645,18.566108029038265,-0.0005740969190522161,15.36679744720459,-21.701215744018555,0.0878473855555057,0.12067537428811186,-1.4849120353271146,4.294761258540904,6.547983171043802,25.773305582797413,0.747673740750356,3.7048204035057366,0.44720777878761714,0.2010536798787975,-0.03254047434570061,1.133339285850525,-2.0633466243743896,0.01939998380839815,0.0848818905651568,-1.8950560819894735,0.045796544425029714,0.09174905976635085,0.36856401645517556,0.0077545549673224455,3.2558522453873535,0.568876746782941,0.3257544153526737,-0.04619158280824888,1.386749267578125,-2.7508187294006348,0.00615221145562825,0.04405864607542745,-2.9687330205782416,0.07596720416589106,0.11106774316227279,0.41312149026584893,0.012406738035578893,3.6981117427540724,1.1600836299884991,1.4233162278168305,-0.27842808631590726,0.2950344107902387,-3.090327899558327,0.1990272336323647,0.08061048654650022,-1.9278267082535823,0.2979102240021924,0.6863554400477944,2.9509217480388408,0.022138948453765024,2.8401324451863745,0.30465851053176984,0.19352342849532383,-0.3173430642946012,-0.1250556610953362,-1.491176221399836,-0.1278923305470762,0.19655822234233306,-2.0790631628258014,0.018554492190222184,0.037735966294500864,0.1596004298715425,0.004359348023786387,3.385111703432271,1.0723956476379177,1.3201751329756244,-0.4124835850102101,0.2225060115385133,-3.007427867439402,0.0159628390726887,0.06788821677339556,-1.9225519944654734,0.25633584216841215,0.5771488314244757,2.4798403161613183,0.022611142566721344,2.9167624519623017
rotate_next,rotate_next_9.csv,0.03949118134480298,0.0018728233094107627,-0.01769943234690445,0.1256904602050781,-0.2139897346496582,-0.008523881435394249,0.0142448544502258,-1.6367079921479244,0.0002622018790542408,0.00019954355843810988,0.0008157568067562209,0.000221696059727475,4.468358890867984,0.13820198295066763,0.019264287741917754,0.012825741710370054,0.6185562014579773,-0.576276421546936,0.1555283516645431,0.0150769092142581,0.03495275933013864,0.0039908114270837125,0.0028310870611847412,0.010148786441222378,0.0034235648476875504,4.477469824401754,0.1583329853068992,0.027416728623241904,0.048449916274923996,0.5996966361999512,-0.3626406788825989,0.3392422795295715,0.0143064260482788,1.570185788220464,0.0042693921341947876,0.003223287597493215,0.011616691632753461,0.002900273626547122,4.4465818726776885,4.543433279406942,20.642786941479827,0.0009884620902308246,13.49794101715088,-21.319276809692383,0.0532906837761402,0.07881689816713319,-1.4019739110336658,4.1884948242284334,6.402123566610911,24.97495551475861,1.5284404893827026,3.577794663278283,0.46108491930340695,0.21262498552092501,-0.0050678113516289345,1.188349962234497,-2.0536112785339355,0.06756580248475069,0.0891011152416467,-1.301202510826832,0.04176246900029588,0.07803650626019365,0.2932417814955382,0.008418748960995325,3.297498946101819,0.42369194849055486,0.18153829734718807,-0.044982553634326905,0.9107034802436828,-1.8006117343902588,0.0015540773165411501,0.0332182478159665,-2.3191386253447734,0.03996245611405124,0.06050899973806072,0.2216811725333534,0.0075282542230350686,3.490989771585547,1.1452331742338593,1.4263672281232578,0.3388335944936635,3.130657418334063,-3.1265694003807676,3.1217093761150485,0.019307401370711352,-0.1728043720960734,0.276783602577503,0.34602289231669503,1.136947204673632,0.12482639960153755,3.9114190480077378,0.35868159786373194,0.18816096597324689,-0.24394359456064213,-0.0430744325702905,-1.493693514196796,-0.0574111468340433,0.049994023345052,-1.8484864652989372,0.021052851514424292,0.04599312681294135,0.18140238279635082,0.001968015717902632,2.92178513868578,1.0747608850633767,1.3182160456489507,-0.40386270635791327,0.6909842961869578,-3.1060666763589166,0.0049678717743954,0.0165719469141,-2.0363375897030087,0.2168484974486501,0.413792170451547,1.635725181227506,0.047139347296911126,3.193925750492582
rotate_prev,rotate_prev_9.csv,0.03447098518617218,0.001343217134491072,-0.012448627024124803,0.1361707150936126,-0.1148369312286377,-0.0031816810369491,0.021994631737470623,1.3138104588422168,0.0002530586777742087,0.0002516418612660217,0.0009221354645739539,0.0001567262393753695,4.6236609514974,0.12296996634517064,0.015553808726327624,-0.0207893266700781,0.6179059147834778,-0.3988374471664428,-0.0121720433235168,0.030062925070524178,1.6000182687253879,0.0031188998451088384,0.004379092265078306,0.017874647054805674,0.0013814156694152962,4.243466530509178,0.06327089229455911,0.004189718600077575,0.013656968489671364,0.23716801404953,-0.16108238697052,0.0977486371994018,0.0167434513568877,1.6700172787334757,0.0008476530334021036,0.0011750329254312593,0.004915671535718045,0.0004521534007153432,4.3156527732840475,2.1986579829764348,4.853009263970561,-0.1375221359074856,9.76218605041504,-6.873222351074219,0.01167813641950485,0.0845282031223177,0.617286287702161,1.0428107936499222,2.088507974986965,8.688117080691882,0.15856195016650187,3.532194766185372,0.38510793496390633,0.14926912403865095,-0.031000039782016896,1.429026484489441,-1.6249334812164309,0.0068986397236585,0.039304373785853344,-1.1196246221780564,0.03384088978067096,0.06715875808005722,0.2861975852768907,0.004137980671959895,3.5723632251422686,0.4552745454938355,0.20741248054138467,0.011728971257793885,1.0255047082901,-2.222914218902588,0.11895119398832316,0.11511078523471942,-2.8302670133362953,0.04583108357278854,0.06044449407629156,0.1778396001458107,0.001101723052639683,3.997308105846093,0.12406241972575816,0.06634018866752212,0.22571819749260782,0.6898397669759828,0.1086088999127875,0.4930270853564239,0.03475619760153545,2.503868954798797,0.0034629542607511167,0.008495052306206926,0.03402331169288064,1.1097418994320922e-05,2.8044725350545954,0.4367878011450531,0.25872914663113905,-0.26066369789828536,0.7382277618002182,-0.8464791607784345,-0.1150988061575424,0.4971815093338294,0.9400697420576077,0.03531928878296507,0.09768644797680653,0.41829808072270674,0.00010989037150063193,2.5033081687619547,0.23222354538597603,0.056052850170029075,0.046098537269598894,0.2569183575531404,-0.6941051810200555,0.2401949747370386,0.23002697929814211,-1.5632106704110755,0.01013915498878868,0.02784314205901758,0.12156885390843587,9.714629582791075e-06,2.565604977219917
rotate_prev,rotate_prev_8.csv,0.041383107387890666,0.0017125634965178243,-4.3811415558419786e-05,0.1613107919692993,-0.1392789483070373,0.0119503885507583,0.0121408402919768,1.15257089270016,0.00036388492088963405,0.0003924260564523302,0.0011539872816968499,0.00016463428554042516,4.248126198851602,0.0862016738440165,0.0074773719937593535,0.006829598835155131,0.2488372921943664,-0.2970231175422668,0.017064837738871498,0.018251003697514548,-0.6314220017783736,0.0013947075362019856,0.0016325289699481705,0.005386155615151322,0.000623697080575716,4.222493238010212,0.09565832264413422,0.0094527146446303,0.01738389926170233,0.4770522117614746,-0.2981501817703247,0.042803943157196,0.0172132253646851,1.1775091429388422,0.0016657911861162036,0.0019246204878297292,0.008271359915160249,0.0010528144231647311,4.354833352814639,1.973306108022875,3.908679910488116,-0.12142040408320669,5.2077226638793945,-6.987209320068359,0.021449931897222947,0.1395980454981326,-0.9341501676092195,0.8289665801058089,1.9037904592760644,8.184519876759998,0.04798128203577975,2.907761321479672,0.4934989953938115,0.2435440947620161,-0.0016841339955189734,1.504767894744873,-1.847089886665344,0.02935940772294995,0.04215362295508375,-0.5095363633318644,0.050841123305142635,0.10624923502626571,0.4613810764172296,0.004851572931848123,3.228138415427463,0.616087557813125,0.3798351086256895,-0.01646905381461857,1.4680911302566528,-2.5420806407928467,0.014967487193644,0.11695362394675599,-2.081164018353538,0.0698155645460265,0.13849635870917792,0.5303345002226916,0.005953243524033666,3.249259935025787,0.18232120683460715,0.0832170132063709,0.22355310497674435,0.7831276551273296,0.0135938830461287,0.6494966579559919,0.11217847228163574,1.873776007484708,0.00637927589578309,0.015528512734933294,0.05985357652678811,4.3223573844674765e-06,2.5136295442061045,0.4303194727091871,0.19448099601716012,-0.09646837525555883,0.8283102325425487,-0.7238560431683879,-0.049638285864819054,0.3536309988225828,0.9981309915169733,0.034135865946926976,0.09889182828346202,0.42070949859872275,8.586497235203143e-05,2.1458518989901934,0.27699826597429805,0.07695073523791912,-0.014922998530830355,0.1935260481018231,-0.7947370347168249,0.1712185472442043,0.1715236831115425,-1.7379257673461252,0.014471829418692293,0.03969029835634459,0.1675693137644166,1.47746037193017e-05,2.2689386668176703
rotate_prev,rotate_prev_0.csv,0.05609179884932896,0.0032208219976183417,0.008633197522630878,0.2372608482837677,-0.1755265444517135,0.03766456246376035,0.0205441489815711,1.649332847101485,0.0007557885951155643,0.00048293319395930414,0.0022081520762691122,0.000658949839022562,4.452479532258521,0.22570630575742492,0.050971765374492745,-0.005331877326848459,0.9850770235061646,-0.762848436832428,0.0064014792442321,0.030400266870856202,0.6692570069180427,0.012209789492131544,0.014943269895873091,0.057221561527377736,0.006718446363139653,3.85675051045567,0.2048791559765179,0.04249682261804212,0.022833179025089023,1.02567458152771,-0.5994119048118591,0.1135695576667785,0.02475443482398975,1.8324118710945307,0.009974837360063106,0.009269691152956835,0.03159051105624096,0.005037837462390867,4.0894896844720785,2.4174311912161137,5.869242704739206,-0.15896270152035297,9.11788558959961,-6.933262348175049,0.0036420063115656,0.5042187413200736,0.45717709143563373,1.0926936966535101,2.0337055653523626,8.477722092838682,0.21158853885809223,3.1592762805145704,0.5946491272104318,0.35465891383385695,-0.03242420919202998,2.1739540100097656,-0.9972559809684752,0.010166959837079,0.23166984692215914,1.8442021669890598,0.08013416720229032,0.1049381230374148,0.37673489609738214,0.028682814489027177,3.6799161832866205,0.8303844105664625,0.6903122608027445,-0.027820702560026857,2.1591379642486572,-3.661726951599121,0.0132227437570691,0.08040080778300755,-1.9283730561996133,0.17434463631659594,0.20863020363770668,0.6306327427619756,0.04488471199207822,3.7035864043217166,0.25660090770502947,0.1434257076349103,0.27853488434999535,1.0625249875620082,0.1328416704406751,0.7173774644112362,0.09417428681487863,1.9156136632911331,0.01361858403999272,0.03002918610983395,0.11698207994153152,0.00010236852678009854,2.5057616440172246,0.4508633035704968,0.20496881219217059,0.0411229094990687,0.9407512528087706,-0.5182555476050948,0.7740498584065345,0.43773183841740815,0.7098024730156178,0.03033934690418117,0.07765155347293971,0.2951274533664473,0.00017146916494928253,2.079118051405141,0.26404607441560835,0.08067495613644063,-0.10466435268107112,0.0815386446659072,-0.8777915649448811,0.00425530905576725,0.05197588467064415,-1.802522749845964,0.013932715334077368,0.03093319406133134,0.12200535849059044,0.00017655935711597204,2.5022250322328756
rotate_prev,rotate_prev_1.csv,0.03521955606702314,0.0012479878348968393,-0.0027514914753006994,0.1192619055509567,-0.138734370470047,0.0100160390138626,0.022469242103397798,-0.252465899312036,0.00022817352492699196,0.0001928491755405575,0.000592323196563379,0.00013498603156326212,4.435195111615093,0.11835654758192336,0.014019121947068848,-0.0032938718185073048,0.4274371862411499,-0.5051518678665161,0.01649713516235345,0.042314037680625805,-1.2161639672656,0.0026065059248264314,0.0013732228119620311,0.005042913194455909,0.0026927580580948336,4.71360082705081,0.09178622267043512,0.008754621781062129,0.01816345531432354,0.4128622412681579,-0.2244213819503784,0.0607451796531677,0.0452672839164733,1.6921734669612378,0.0012019805359738483,0.0012261710815201284,0.00488858910507068,0.0006195193606988635,4.283152372897445,2.7590544479695858,7.66665917861005,-0.232975817949618,9.806461334228516,-12.0137939453125,0.0012066620402038,0.3305955156683921,-1.2055967830153833,1.0584080378121343,1.8951956906799428,7.930664478282508,0.2087124338727848,3.468829048649047,0.40343757404129493,0.16672626357714268,-0.0629633816501095,1.026787281036377,-1.7629294395446775,0.0074822716414928,0.1025673411786555,-1.8749023471451018,0.018367400490141562,0.029039106552313277,0.127629420007866,0.004965587449114138,3.661790906001066,0.39652393613525927,0.16856432601632143,-0.10645700581982484,0.724173903465271,-1.655619978904724,-0.0073585906066,0.0628884704783558,-2.108957366526693,0.033455535013406125,0.05470020342794393,0.18741601492108959,0.005522241921991836,3.5163522292480245,0.1846245671629073,0.04713060947950624,0.11421199008604732,0.6273817459132726,-0.0269911650950896,0.4547691387913217,0.0635178388809952,1.642745882537268,0.005372835903598017,0.014396908586351344,0.05862634365222088,7.166299947908162e-06,2.241119085370973,0.5843317341010689,0.3536618135643533,-0.11053613927938173,0.933081777522776,-0.9798423174936766,0.8742114656610899,0.10189199995539241,0.3584700954572841,0.038735269912531546,0.10303769058724946,0.4253407796157866,0.0002641322002432693,2.25385569942988,0.23202995694615405,0.0768933990636247,-0.15184037059751473,0.0039344417732138,-0.7713333568611236,-0.0062383224883158,0.1167318476080009,-1.6037839609210258,0.008675350300598787,0.024027797044400927,0.09572362286080627,2.1669043703867475e-06,2.1443562456518017
rotate_prev,rotate_prev_3.csv,0.06280934919905347,0.003945025413725383,0.0001051994141839273,0.2744047045707702,-0.105976402759552,0.01152165979146955,0.0281118846032768,2.0043707672737674,0.0008175145301249553,0.0007934199730040941,0.0026488714642950487,0.0006405999876463772,3.873786711338864,0.13723772652400631,0.018913666739412874,0.008914771894721863,0.4894174933433532,-0.4367721080780029,0.02884675376117225,0.052655020728707175,0.39299490540511284,0.003980805035649533,0.006528487802816145,0.024589767250397156,0.0009535477357258994,3.271314076669131,0.09528684771764931,0.009579323838672264,0.022354876217634757,0.3834543824195862,-0.2492940425872802,0.0749616026878357,0.07177668809890732,0.6552867079143654,0.0017391360474555658,0.0017147282359940095,0.005098401082345189,0.0010995360408387893,3.776779719885618,2.8485404696793246,8.174736297454706,-0.24607618749850307,10.089215278625488,-7.502557754516602,0.02136282995343205,0.8915482759475708,0.3347477445402002,1.2924200231508864,2.163324225056091,9.328062352975396,0.45040974380891274,3.2484115894425747,0.5929426717529629,0.3602599278784417,-0.09316069929374625,1.057024598121643,-2.0182435512542725,0.0104561345651745,0.21092570386826984,-1.2947422900670482,0.03877155527884616,0.07835390758431046,0.3208562700147364,0.0038751122425517877,2.673178594181274,0.8592036289626622,0.7496981729172125,-0.10708546537511132,1.1326919794082642,-3.1624786853790283,0.0053704138845205,0.2378842988982796,-2.310931044175293,0.17102395451600624,0.2622728426925386,0.8249979294238985,0.008544373840302648,3.101930921146244,0.26291508214085163,0.0791924394599338,0.10033991749449993,0.7947258921129248,-0.1486896056895646,0.5057305607510456,0.18399833739655003,1.5240206122646869,0.01205442092590122,0.02754470234679185,0.10501147576585125,1.6310724452285553e-05,2.25234152368961,0.531979105775786,0.2871869700865929,0.06469313027353055,0.972306100305492,-0.7563321288261788,0.8902065117913569,0.6529878462217866,0.3733085764289573,0.035575295465854105,0.08823752902861241,0.32293419227088754,0.00033264177360644074,2.070339552993562,0.281461878713225,0.10337221243516515,-0.15540728189627073,0.0260618137234689,-0.921760550441832,0.0003008829074102,0.10687236128086,-1.6718782983236915,0.014216694010968903,0.03244199079867488,0.11807550315866992,1.7410392868823924e-05,2.2710678941656584
rotate_prev,rotate_prev_2.csv,0.03777646545177308,0.0016313412064617385,-0.014292650714011496,0.1492141932249069,-0.1173121705651283,-0.0031674616038799,0.02065339311957355,0.8375925724947965,0.0002642217769623738,0.00027993964127637444,0.0012198258114031256,0.0001800642412044948,4.239460786377626,0.17055294577280775,0.029091838518701875,0.0018791505845926466,0.9686209559440612,-0.4343381524085998,0.0100161582231521,0.047937512397766,2.7995993505915635,0.006042289934416284,0.006469147380026014,0.02374585214362036,0.0037154113529323067,4.1188338958621395,0.13867414914989282,0.019847750247897013,0.02484412617602587,0.6512143611907959,-0.287701815366745,0.0671712011098861,0.01717686653137205,2.0468027781076774,0.004060543230592638,0.004945837865439861,0.01716278193164691,0.002289690429254673,4.059506953897414,2.9684601483995827,8.841465699903667,-0.17236602700994177,10.44581413269043,-8.624969482421875,0.0088899731636047,0.27237672731280316,0.46312369044849805,1.66591517052014,3.1624760008367194,14.039847900923224,0.492358983306581,3.3340593877863527,0.507568511322025,0.261932917720712,-0.06562868302088168,1.0205399990081787,-1.7674143314361572,0.0068716974928975,0.10655189864337435,-1.6522662875911802,0.04275587463827426,0.08129070120340692,0.35584128651540026,0.0057699373804427296,3.2086224295942007,0.5163065262029671,0.2786224293396918,-0.10977249354877809,0.6646438837051392,-2.303480625152588,0.0021550729870796,0.05174260959029185,-2.484430775523465,0.060611499903764875,0.09063056223613482,0.31384740492823215,0.011705020974524779,3.581765623435016,0.2836426598142339,0.09977428258408227,0.1390004464654307,0.8982811149314868,-0.138312833310865,0.6465065207534616,0.14559460669272434,1.6115179430289697,0.016666331566282215,0.043718645640227025,0.18670770590444238,1.2791366973004374e-05,2.2291307372473947,0.6173835203694085,0.39120424483426947,-0.10020894975273258,1.0556148658725018,-0.9774873356483292,0.9742898938213428,0.6676556607362838,0.7459139154896377,0.06692171048299995,0.1870367606950703,0.7798045318640927,0.0006418630438424666,2.101603770016094,0.3092482337390321,0.14000565588478697,-0.2106446909230706,0.0047582326039765,-1.018864160423896,-0.084175145003436,0.17076699618552638,-1.6239680929874234,0.01985240675894104,0.051858650166951854,0.21476739338792042,1.4056033512290625e-05,2.2250195605467975
rotate_prev,rotate_prev_6.csv,0.033860663982899705,0.0011910006198945213,-0.00666753736635047,0.1101778149604797,-0.1570185869932174,0.0006068125367165,0.014449380338192026,-0.7238883534028553,0.00019257573031720486,0.000187025526689008,0.0007054411890986394,0.00014170439734707176,4.379097055159079,0.10678814222917535,0.011553076478291511,-0.012221667543053589,0.6904891729354858,-0.2641054987907409,-0.0013869106769561,0.023143745958805098,4.618327797222977,0.0026056410339387838,0.0018714727374463589,0.007806988265096701,0.0019598025495020117,4.58727803862457,0.060560543376328234,0.003805121335345929,0.01172782679398853,0.233191430568695,-0.157934308052063,0.08918634057044975,0.021009117364883298,1.3101426940154448,0.0005656633186939338,0.0005842985159533851,0.0022997860403517483,0.000276070440766901,4.300642702976843,2.0918640172053458,4.393264475172249,-0.13179305252463866,8.555781364440918,-5.657003879547119,0.0068138395436107505,0.28402193309739227,0.7737932346891095,0.7626591254103379,1.2813014845715103,5.245059372213142,0.2714220484866499,3.587168714406399,0.286114541334572,0.08225991752445097,-0.019959628287081914,0.8218797445297241,-1.0179511308670044,0.0130263064056634,0.06652233563363542,-0.575064023546191,0.010309316536613829,0.01973802557608386,0.08107668153842869,0.002972294072046207,3.4169552531640033,0.48676520827285935,0.23722352882993142,0.01682738378391757,1.2422093152999878,-1.8380162715911863,0.1142560169100761,0.08770026359707109,-1.3249912833294604,0.044696225752988254,0.06521777452302856,0.21172148139862726,0.010786239383654158,3.7105353905733804,0.09151520689765445,0.06534065847891347,0.2386747271610318,0.5657774148359788,0.1420955032502572,0.4350765883860371,0.012373918199185707,2.446524214232437,0.0013462551272765632,0.002869565883684943,0.010077532421449839,5.93547536744069e-06,2.7290888196826706,0.36027745917292825,0.15223904603036584,-0.1497971910359632,0.7044050830930657,-0.6505609617955259,0.5587325870583388,0.1504464821378087,1.0333781500614412,0.016207768233309005,0.03809935295806809,0.14945333296482655,0.0002596514573813292,2.557652597215437,0.18968635484323906,0.03598349641868128,-0.0016072351931457904,0.2043791007457519,-0.5825616814217875,0.0232480285891966,0.034950801494764774,-1.6239665569694288,0.004848373230535123,0.010962481091066584,0.042309309869903736,2.182077561467104e-06,2.570553802520952
rotate_prev,rotate_prev_7.csv,0.029820794537548385,0.0008950352552247846,-0.002399055725511374,0.1259355545043945,-0.0739831626415252,0.0055477619171142,0.0226115100085734,1.7289341331103087,0.00016286579095309582,0.00019528245494584095,0.0007437511895010995,7.690401923207701e-05,4.229640898459829,0.08246697956773853,0.006859937030655763,-0.007689883720184499,0.3200536966323852,-0.4228819608688354,0.00196696980856355,0.01866631268057965,-0.2597540446223438,0.001362168161546805,0.0015277149238817024,0.005679048431827244,0.0006447643664735132,4.338941715946636,0.051020257901794784,0.0027963400884363325,0.013902279383995946,0.2009159922599792,-0.1355321407318115,0.032233685255050645,0.025926053524017223,1.0109817592217698,0.0004790555381366222,0.0006485122528827297,0.002206821925148387,0.00017753845641523797,4.07604989062609,1.6355676960859655,2.6779941784169,-0.05396748962983325,5.023003101348877,-6.125466346740723,0.035194206982851,0.11349583882838482,-1.060248355360926,0.5538639042917858,1.18933584349046,4.91063094908912,0.03808268990663103,3.1226853576688125,0.3071326301933242,0.09489755577901142,-0.023813929737490767,0.7674648761749268,-1.5506348609924316,0.017246861942112397,0.07322950568050138,-2.2924050535904614,0.01594462866840394,0.025409770642035527,0.095464120175046,0.0011762750241183417,3.630413619066905,0.42523194697137356,0.18172568630871502,-0.030057903846575168,0.7892941832542419,-1.7720749378204346,0.03453826159238815,0.09734129440039385,-2.174191686472389,0.04275582263977345,0.08165069502044932,0.3077073695835188,0.0021690645840278418,3.3202181006538902,0.10818950012716048,0.04188280149784488,0.17371768349848563,0.5362529840765698,0.0788721246017001,0.4132654674297012,0.019214453115881935,2.349371715204218,0.0025438479897128283,0.006017954292019191,0.024002457920242817,7.971551729163054e-06,2.6784319724293546,0.3127160816702988,0.09947180873624932,0.04099342631476867,0.8322020786286878,-0.2824400139051868,0.7428037808227546,0.1734155327497395,1.5389898434127722,0.018964588560457116,0.050007100304910596,0.21896950485209446,4.2923525368981475e-05,2.415176192891232,0.17258173587844897,0.03372894313229577,-0.0628051556281572,0.0614832526451671,-0.6007050582774418,0.002531032302687,0.048287057326293126,-2.187037548753273,0.006190514984199574,0.015231331475891393,0.06320343634394951,2.5837979444883677e-06,2.5438283905924317
rotate_prev,rotate_prev_5.csv,0.044095213517639655,0.002251827087635129,0.017533945148451274,0.1937215626239776,-0.0656608343124389,0.0224427878856658,0.022824987769126802,1.9476859857359357,0.00041524393735730173,0.0006062136977159002,0.002129949645306974,0.00015438011486336475,3.6984666114859,0.09388490975463909,0.00901592088394678,-0.014196640599453627,0.4292072355747223,-0.3417993783950805,-0.0021796524524688,0.020434707403182997,1.2526561499333424,0.0019502705317842252,0.002390591747054473,0.00807615313466388,0.0008588198861267292,3.942860958962953,0.06933531564649435,0.005357244124127002,0.023449053889826706,0.2809004783630371,-0.1251872181892395,0.10583990812301634,0.0196545720100402,1.7213483173865347,0.0010145163424683712,0.0016178096509794982,0.0066465327765718235,0.0004295877271868594,3.672991348132354,2.2114177851036034,4.904763790662563,-0.11997987493758272,9.358777046203612,-6.683370113372803,0.0383631689473986,0.2480104267597198,0.481607598926161,1.0762618272817948,2.050422683467981,8.432949517686966,0.1812258345227964,3.2065429680727866,0.36905784924689056,0.1380215758997575,-0.04263660175268327,0.5922473669052124,-1.7628296613693235,0.0194747969508171,0.1013430468738078,-2.6072200829062866,0.02709090266410786,0.04295315016114275,0.17291117338526282,0.0036315935858940085,3.5309053888624433,0.5360970818684576,0.28777934837307806,-0.01947478331592783,1.2483738660812378,-2.1702945232391357,0.0087050637230277,0.0526587888598441,-1.9094675567424872,0.06812871679152324,0.11874411851575134,0.4396115724263918,0.013448334036479668,3.344916084082321,0.11492375029074292,0.0583296156343102,0.21241974308764514,0.5691060941303993,0.0889607420724051,0.44827335220776854,0.0468979691686057,1.9948488621634655,0.0029947779276067207,0.006765235281941356,0.025151300207771718,1.7215920899670167e-05,2.476760783524798,0.3650495940140355,0.13468655914786828,-0.03775384825492886,0.7930595517408447,-0.454181506522897,-0.0247765317221063,0.3105848920379885,1.1515018454649926,0.026369029193001152,0.06467418529651338,0.2636771824333708,0.0003224750431654632,2.341964344015915,0.20224173554934252,0.04140323214364934,-0.022394475783977207,0.1566645552024095,-0.6010880543622358,0.0510576748022072,0.1096663675825212,-1.8058525319518492,0.008878798969588032,0.020817737856426113,0.08342579248571097,4.426778643196757e-06,2.385919964372268
rotate_prev,rotate_prev_4.csv,0.04334941927662507,0.0018814506867700178,-0.0015094817486093323,0.1305806040763855,-0.0991939157247543,0.0281091630458831,0.02464492642320685,0.8024218270122502,0.0003028341029645285,0.0003233066155187454,0.0012600891683614344,0.00022752039182524463,3.8287429812119713,0.12126282109264792,0.014741716861559393,-0.006086467137170402,0.5790935754776001,-0.2823098301887512,0.010214086621999699,0.04367714375257485,2.0035361103574885,0.003317177653097399,0.003637845593018268,0.013094081571645641,0.0016109501207211968,3.7055288106101387,0.11138467647868996,0.013206720113821308,0.02828734627989834,0.5232952237129211,-0.2380570471286773,0.11253967881202695,0.02072033286094655,2.180803955285055,0.002275551954679565,0.001509490575072714,0.005807199549174918,0.002376235730633224,4.099404761774644,2.652265155017742,7.126273288365272,-0.30292381194615087,9.206265449523926,-5.868500232696533,-0.0031653665937483,0.8932031537406147,0.7425521164471589,1.2339503553715812,2.0857162830241993,8.449969891271842,0.34938354170666275,3.094856886329156,0.4731301046857683,0.2282316044899127,-0.06617785528367169,0.989981770515442,-1.5702406167984009,0.0049694902263581,0.1301187612116336,-1.366882756263085,0.02434480973998521,0.04100417102544341,0.16393743889044446,0.009449371061763988,3.0763086332937886,0.6583390329076816,0.43347500894938834,-0.008045290520977848,0.97053462266922,-2.3098533153533936,0.0199619270861148,0.17866375204175705,-1.790096993727845,0.09777236431572406,0.12140075835925458,0.35663771274647726,0.011836555004090941,3.354097847938435,0.23049188078482571,0.058088983989549973,0.07044484993116017,0.747899821163861,-0.1773118999281061,0.4087734980658202,0.033869608951230104,1.6467792541589408,0.009005328653854406,0.018312625959769173,0.06700024289759815,0.00015826621460113578,2.4087416863093707,0.49422908484758976,0.2760451210558451,0.17827712345267138,1.0677377581835066,-0.5301120212808622,0.9627680186209842,0.39583683210926096,0.39386308330166353,0.031054899442933902,0.07171658850918246,0.25238260771852633,0.00041206913996663685,2.1003331915890526,0.21460204457375257,0.05565752863071278,-0.09799740351396001,0.0226751760586999,-0.7704609175081164,0.00097466339059375,0.041289984724526704,-2.07190266586376,0.008700509330806213,0.01692341951401102,0.06020882351804072,9.309796371364225e-05,2.4921067694540704
like,like_7.csv,0.034797042065879975,0.0012353862076928477,0.0049550046577401695,0.2382666766643524,-0.1009478867053985,0.0138668473809957,0.02003033645451065,2.773401073663283,0.00011044426442722805,0.00011658950698929032,0.0005121160554181636,6.40750419639407e-05,4.849323717856839,0.09595049771363388,0.009267965905428006,0.007840146295442843,0.4098799228668213,-0.3568028211593628,0.01792573928833,0.028909252025186925,0.9165004668818818,0.0012450023926774073,0.0016505653758315648,0.007039589361666038,0.0005170967593352852,4.612184796599445,0.0772475193520071,0.006706045855790529,0.027182100907615966,0.3620312809944153,-0.1152918338775634,0.0674612373113632,0.025902137160301146,2.560401552507907,0.0009294273625989886,0.0013465268102145513,0.005711336090641556,0.0002597709564402852,4.412604136374421,2.007510828504489,4.030223769067275,-0.011137437070314974,8.210613250732422,-7.128671646118164,0.023580465465784,0.13299335353076447,0.38965876684052975,0.6038392874149746,1.3302229725955648,5.274663356226525,0.03725050072075978,3.5028508177779423,0.3993963447488778,0.16666413750514159,0.08453814113391159,1.5497422218322754,-1.3811249732971191,0.3270283192396164,0.1467484226450323,0.09967998008733667,0.022711966373026707,0.05281606861751777,0.24941130990368662,0.0009503217406276738,3.394798681330335,0.1889884482598957,0.03601164877638045,0.01717600654102052,0.5542064309120178,-0.8267062306404114,0.1484101414680481,0.0978080825880169,-1.0035493690789945,0.004095396492455121,0.00703437696381482,0.029969546095610863,0.0009362954500453316,4.145357522803715,1.4332037013448675,2.457379209435902,-0.6350640596721508,0.448189410629322,-2.9977489698037143,0.253875537300832,3.267232170132657,-0.9362009560650226,0.3377908688336675,1.2090455481814408,6.611167151635122,0.013646940198699133,2.36965868027435,0.6269472383847426,0.6669586410986871,-0.5233505530525708,0.0347113952743111,-1.54905384901678,-0.0456084315702499,1.3508102958124644,-0.6363315215915349,0.05696562317319293,0.21917506922451754,1.314564441987009,0.00019659562173711298,2.007203339512364,1.2432600267413285,1.9766891174166752,-0.656501045942675,0.4943427791031812,-2.7440505966491684,0.139613531278001,2.784741046243173,-0.9490874764586843,0.25860808182539985,0.886017984463837,4.702865519708699,0.01395604456283512,2.5387140151173977
like,like_6.csv,0.023401949613268785,0.0006184788504680408,-0.008415913780812488,0.0717733651399612,-0.0923298299312591,0.0001055598258972,0.016645917203277325,-0.20255647488671136,0.00010144810244681913,0.00012286332924039606,0.0005046802521249676,5.059528259571245e-05,4.96440754719572,0.0599681427849807,0.0036506161777407854,-0.007378213107585886,0.2815343141555786,-0.2020463347434997,0.0039532780647277,0.021369732916355074,0.7164146650606263,0.0007553804808874451,0.0008682147875257872,0.00357816021850909,0.0004196818883694367,5.022959331444255,0.06397397897452635,0.00427958372154502,0.013671639832583335,0.3661194443702698,-0.1518678814172744,0.032714068889617906,0.01924868673086155,3.103930626064497,0.0007556578174597595,0.0011187471733293793,0.005154242437440675,0.00031127025303454004,4.761126354000627,1.738498918314294,3.0263466985277203,-0.06299372625706548,7.819159507751465,-6.351593017578125,0.00781243853271,0.07009166246280066,0.4943384279416376,0.6471053021414196,1.609055244856836,7.82984940023964,0.03773433512143527,3.4827349764460918,0.2939490006315421,0.09012824232505144,0.06101005943915384,1.0630396604537964,-0.9471026062965392,0.3923363536596298,0.06986068282276385,0.5950698957155584,0.01638456150956306,0.05332222291706317,0.3065125410199524,0.0009580445453599267,2.959567596113118,0.21056444798829851,0.045168263673202126,0.028824935673566702,0.6971870064735413,-0.9250941276550292,0.1085825636982917,0.08933645300567145,-0.7851314453180851,0.009276909335739523,0.018806494675919508,0.08080606363635588,0.00101197094442945,3.9909036165303773,0.9693450150326658,1.5779114053312895,0.7989253076243173,3.1244505632954116,0.154112831259012,3.056942173631678,0.30573412158718555,1.839044578589961,0.20709109493467331,0.6376097687023526,3.450570983570044,0.007714194044574966,2.9670468373051957,0.4396004806354567,0.3851381717084968,-0.43805203929849723,-0.1031953502455893,-1.5372352874996258,-0.1284919599134938,0.2325309080112284,-1.3032462457707334,0.03783770748857982,0.1373896465830383,0.7536595701313972,0.00010137063661587101,2.4593979265200026,1.1688363961559867,1.4396204304851783,-0.2710016780506425,2.8365877445948535,-3.129961463085102,0.15571062912447975,0.2942044609224095,-1.6389822928014501,0.30906815951111394,0.7450093306911238,3.902856745496944,0.07351232509993919,3.857101255924027
like,like_4.csv,0.02307196635272695,0.000535156157231746,-0.0016853859648108481,0.0754142850637435,-0.0966774597764015,0.0077299177646636495,0.01709257066249835,-0.48013444562812735,6.562317198536854e-05,0.00010341562793812836,0.0005604817206836947,2.787205214138256e-05,4.436419157814979,0.04768685626055322,0.002275991706110758,0.0013983726599498703,0.1344743371009826,-0.2191996574401855,0.0121035166084766,0.02423615474253885,-1.5318834532444219,0.00035555165912756845,0.0003405961627408102,0.001459409711997462,0.0002833269345318282,5.011430166394475,0.05308690074198323,0.002931477508674289,0.010642296664024635,0.3068647384643554,-0.1397616863250732,0.023657202720642,0.0202631801366805,2.661143778405593,0.0003774527325065248,0.0005543192034054229,0.0021672189346650427,0.00012073132096750346,4.397996286699103,1.7600854145518916,3.0979338446871783,-0.005760049381244338,6.124212741851807,-4.728933334350586,0.0301952864974737,0.10809457069262855,0.7553718536456727,0.49646912897045253,1.4474917423885716,7.516569605417845,0.016542335731593964,2.861385821269282,0.3724807740324631,0.13885559950892448,0.010661729930066763,1.37539541721344,-0.9816044569015504,0.14787029474973673,0.08057453576475375,0.8544176824133297,0.019982498387649584,0.06328999675376461,0.33019571548091814,0.0007911303516605947,2.7538236557931697,0.3705495363258742,0.1373508199640158,-0.006622770771776381,1.2662144899368286,-1.0218932628631592,0.0229662545025348,0.0797301689162849,0.559177019396022,0.02220515765298628,0.06676069487275726,0.3659673472187198,0.0006291761291680115,2.795115656842782,1.0413148380862518,1.2706381235987434,-0.4316266112974807,0.3050316489422989,-2.3097158837972036,0.1922386702020919,1.198373534489005,-1.1177328604506516,0.1979054829543786,0.7347500086618189,3.7159458849395186,0.00029989239283878847,2.0656198706482076,0.5431602109753885,0.4444776559759089,-0.3865936383194638,0.0454470618340668,-1.336918900530368,0.0168906502393182,1.1814189988200277,-0.744544685029766,0.04680416485853159,0.17954763433003065,1.0521790682340963,1.1723185213306532e-05,1.990262017757971,0.9445304052754776,1.2082894443888978,-0.5622737392934514,0.035610745873064,-2.2731166869759787,0.004997957003992,1.0286586598821041,-1.1458288182615037,0.16565768774138898,0.6027637157286576,2.9723294468531236,0.0002924672173262983,2.1438489019499896
like,like_5.csv,0.024232268332516543,0.0005977341508738537,-0.0032451998913425022,0.0508181452751159,-0.103384681046009,0.0082223713397979,0.02056284993886935,-0.6899134450545471,7.402868299726256e-05,0.00011929822811192694,0.000531288385688543,1.733261649880874e-05,4.160076031831214,0.038250665799169636,0.0014782504686720126,-0.003890634214655409,0.1266887187957763,-0.176567867398262,0.0061041116714477,0.027330102398991453,-0.5058622174973837,0.00019952288668889106,0.00019127483180707272,0.0006782203883084389,0.00013902368746889106,4.8020605469508375,0.04023190741340273,0.0017131248680468166,0.00972206222599949,0.2119994759559631,-0.1188676357269287,0.023571521043777452,0.01842123456299295,2.1035845531310327,0.00025682986746601105,0.0003523421613669347,0.001385170688579261,9.181837341298613e-05,4.370959083616522,1.595392710388096,2.54554933911363,-0.016475398452074706,5.312722682952881,-6.322061538696289,0.0311736557632684,0.15538325905799855,-0.3968136218264215,0.38686683355391355,1.0024661741857301,4.299572738371132,0.009630696441552122,2.9548408054852167,0.29630065016989476,0.08780573295542149,0.003414332192262689,1.0077871084213257,-1.112604022026062,0.0465733669698238,0.0955118313431739,-0.17422929522696012,0.012571352203749685,0.03564590913737274,0.16973247472534475,0.00037490141328234,2.75287827152224,0.5031129352683028,0.2531943392401396,-0.008468388621936211,1.4015042781829834,-2.3783833980560303,0.0291128288954496,0.0994836632162332,-1.5320148818734989,0.03726817814233729,0.09225281749925293,0.416381643218159,0.0014355678038264442,3.1063443171068665,0.7153564084493099,0.5494969223096531,-0.19432480850410447,0.3130355203908307,-1.5033852854798857,0.2676062021767189,1.1134338391783818,-1.019583099409503,0.09300498252403382,0.3373293618787638,1.697705456492651,0.00024027595827251952,1.9826824404379522,0.596869648652725,0.5835386415491413,-0.4767444431415156,0.0176709036326215,-1.369660283589786,-0.03639808729933455,1.3422287840140434,-0.6755340997428271,0.05616027399824584,0.21292649325154603,1.206242946541412,8.183359618895128e-06,1.8226372756247264,0.656418253461805,0.5952220609775144,-0.40538517178070044,0.0517728842506235,-1.6163563698326364,0.00573208989678565,0.9842690109329534,-1.0440762401358161,0.07921715155326213,0.28304962013910906,1.4019481670699812,0.00026332864287438004,2.0410966645858473
like,like_1.csv,0.02756825445859747,0.0007674077205894055,0.002720122551545493,0.1019715592265129,-0.1109978258609771,0.01754344999790185,0.0134117268025874,-0.8404616333360357,9.232025074456892e-05,0.00011647586113129596,0.000455136704267354,3.0741043349799054e-05,4.395812290205565,0.06973967245652707,0.004867196618338695,-0.0018906887620687332,0.211290955543518,-0.1949509382247924,0.01030825078487395,0.033977374434471075,0.9592674727574239,0.0006713431863057693,0.00092767508899226,0.004148902105739986,0.00031358751060739246,4.361705030917736,0.05813087190850808,0.003412659192535629,0.005784541787579635,0.2861318588256836,-0.1712602823972702,0.01444526761770245,0.02355027943849555,1.5609702105360064,0.0004401334049321413,0.0005426524524798251,0.002371386633398125,0.0002113067777346822,4.424715608301498,1.9199831259997808,3.6876978200674144,-0.03691362815443426,7.680178165435791,-6.78341007232666,0.02252765651792285,0.11453046929091201,0.06485479928771778,0.45143575872903324,0.9811201975000583,4.452185948318437,0.052176492329449015,3.4380110903090615,0.3789655000586261,0.144720811772105,0.03325600002135616,1.368606448173523,-0.893242597579956,0.1922900825738906,0.07949316035956133,1.6146343231897058,0.016569641331971478,0.033641745876642044,0.13718239622403033,0.0017326735187362875,3.438683989220093,0.5047773757601172,0.25510227469918506,-0.017380322779354175,1.4176515340805054,-1.3516758680343628,0.0142993703484535,0.0968505395576357,0.0880618567487297,0.03461983964450147,0.10341079452637189,0.48099723688575025,0.0006001995001596823,2.4158943548854745,1.113705484358057,1.5619934285749535,-0.5671450631767317,0.3783226399813674,-2.280408067654917,0.2169103886804144,2.4032621089987938,-0.651060093643982,0.18695064313932636,0.6649504295090176,3.6956437515523266,0.0017189136548341286,2.0003802651918665,0.44618483746645965,0.6571552877515454,-0.6768119225948774,-0.2155209853000441,-1.4950400143200753,-0.355691518681017,0.8565625760007234,-0.39642158386784637,0.024429783559361224,0.08485416455432067,0.5022904259076888,6.846820231551095e-05,2.164686545030486,1.0403872070772833,1.5788433049587656,-0.7045833976958977,0.1181265311187713,-2.309586430722032,0.037325709375924096,2.241077787964685,-0.6685135446773592,0.16509321018971632,0.5785884177904774,3.1865467468746047,0.0016438763193403684,2.060577503845884
like,like_0.csv,0.028068604707445398,0.0008334148109163061,-0.0067504252231604086,0.0835155546665191,-0.1568031162023544,0.0023187398910522,0.014522612094879149,-0.9400888823737714,0.00011810126950262128,0.00014501470768941516,0.0005479914386990853,5.3439677748863096e-05,4.892531938656541,0.059380639149857826,0.0035436725838680176,-0.004196698466936747,0.2045589685440063,-0.3741494417190552,0.0037733688950538,0.020053178071975597,-1.9668198734286162,0.0007303403420885343,0.0009379644215576345,0.0039419113408369014,0.00022370665607432356,4.865076782431961,0.043695322797880964,0.0019099070544462676,0.000791087880864863,0.2163289785385131,-0.1800466179847717,0.00725159049034115,0.0137478075921534,0.42194664332339527,0.00027724909917796903,0.0003542049150739352,0.001656100501200465,0.00011653345624579748,4.908588323385628,1.534810678467748,2.3564793837766365,-0.028906141873449087,8.553328514099121,-6.24206018447876,0.002910736715421,0.046549901831895,1.1454399578085368,0.40187817463097136,0.8406767935748538,4.056628488367709,0.029637295564120585,3.863023877830484,0.40749155349841365,0.16610986428271696,-0.007778053109005503,2.236706256866455,-1.4576427936553955,0.0068281292915344,0.05147291347384446,1.5586023663774182,0.025773457922066954,0.053018403855507795,0.2267054343202148,0.0015323411521409955,3.8375133126249463,0.5627202726990752,0.31785665023876897,-0.034677729629366105,1.9590325355529783,-2.716890573501587,0.0021534375846385,0.03774119960144155,-1.4396454159132497,0.06038727394214908,0.13833424644709227,0.7174675052806504,0.0005524520468826594,3.5675457438470524,0.9722638856998581,0.9842192950528854,-0.19728718056857758,0.428130683817099,-1.951370135462956,0.41160559146348435,1.371625922809116,-1.1119775164515666,0.17496260448066034,0.6805397975696736,3.65581807478398,0.0012376588602088273,2.257673869594619,0.42500275723784986,0.5574537867050121,-0.6138619087752857,-0.243037304357357,-1.4085918921681213,-0.2619987548898403,0.9946489868460073,-0.8136073242907276,0.030471419139187855,0.1208710686188008,0.7196436340868572,0.00011679784188838333,2.2492564794229386,0.8572092734129827,0.9200788103534874,-0.4304312627217888,0.1432204981880072,-1.9937462370845231,0.06145440154739515,1.0571365862329727,-1.135815935617299,0.13749451864137063,0.5205698138553514,2.782090973603054,0.0009742881117290848,2.362740721256076
like,like_2.csv,0.02691291809009052,0.0007392406690461612,0.003864648615623377,0.0904760062694549,-0.0686310529708862,0.0155730545520782,0.019939050078391925,0.06491444763887885,7.069271836743519e-05,8.08667325181629e-05,0.0003468705577263959,3.715279871574272e-05,4.659376904696684,0.08130620985720982,0.006620213776192567,0.0030844796721528154,0.4735117554664612,-0.3044794499874115,0.0165387541055679,0.029758263379335327,1.776412278110328,0.0010581227159475626,0.0012754228994945557,0.005688641384113477,0.0005904027937010318,4.596319088468944,0.06076616863729184,0.0038225200822075076,0.011401439880634209,0.2910353541374206,-0.1360183954238891,0.02432683110237115,0.026922332122921874,2.016134350638171,0.0005329616303831539,0.0007020668088193616,0.0024851710435029976,0.00021574864169355694,4.360431605094157,1.9315009364310078,3.7309659686027925,-0.01643475490940235,7.976852893829346,-7.466608047485352,0.0344742387533187,0.10991340875625605,0.45389224810026624,0.529842053176505,1.0149149010825356,3.900501273274231,0.037225905502884876,3.5887592339638457,0.3031438642517723,0.09232037570879695,0.020595467348424032,0.8330101370811462,-0.9451300501823424,0.0783176720142364,0.07193012628704294,0.1139436628519628,0.009967978410720082,0.028008216018430274,0.15396112417388283,0.0008127123583072661,2.8876032136894403,0.48026912137293976,0.2313472914158233,-0.026246189656553835,1.890136122703552,-1.89205539226532,0.0077248238958418005,0.10954051604494448,-0.16531559711740207,0.033091260353593506,0.07397179278492846,0.3202391147034223,0.002091954919197723,3.2582654418733346,0.8081847109459525,0.8809478373342983,-0.47726859348537237,0.2069608776348458,-1.7232963389122715,0.0412663375452,1.7396097865014248,-0.7501330130599415,0.10438121775456814,0.37927825709147794,2.0631185136184804,0.0003087779590130403,1.9473243015518855,0.4278580401915465,0.5535682511594006,-0.6086918338558925,-0.2390798057680808,-1.2637241694408656,-0.2687397359450699,0.9297178903922141,-0.5714440804213611,0.026740795989708004,0.09499230893977524,0.540739373738651,8.889557700016733e-05,2.0498173025770483,0.7653270902282269,0.8467516756715477,-0.5109071546125998,0.1268512813836038,-1.7008771358857395,0.0047849112212543,1.5604068793302435,-0.7789370760897192,0.09608023088365701,0.34212770080566923,1.8060485568280535,0.0003556161157096544,2.027081578025807
like,like_3.csv,0.016228371078942042,0.0002680626861996159,0.0021685613488609014,0.0404046028852462,-0.0644461661577224,0.00881956517696375,0.013384150341153025,-0.9875708565431864,4.6862449337590397e-05,5.552399486378218e-05,0.00020885765621330685,2.191475399817096e-05,4.9196297182428435,0.04814619894222459,0.0024605325947953424,-0.011936336213892134,0.1491025686264038,-0.2793560624122619,-0.000230073928833,0.021707884967327073,-1.2103070685421367,0.00033243402522210614,0.0003506133004902221,0.0017757829059015893,0.00026198300638293674,5.127982780822499,0.035604154499984705,0.0012752743287579994,0.0027601650492711433,0.1552428603172302,-0.0939918756484985,0.01027241349220275,0.018213793635368226,1.3918652036089951,0.0002445890214782099,0.0003197638886539615,0.001413255803924255,0.0001066964312340033,4.804294225712903,1.4758920079566333,2.178617300086202,-0.018975798690437584,5.634918212890625,-6.755892753601074,0.02778960485011335,0.1410960215143858,-0.948588847362747,0.3243900896365403,0.8167460159065877,4.697259793637939,0.020864539050874226,3.5874857226714343,0.30856371832632984,0.09707382586619492,0.04315388277808035,1.2514787912368774,-0.929556369781494,0.2235482335090637,0.06328450934961435,1.0438713883115296,0.017721421327720966,0.04847254079547431,0.27740412355152605,0.0002639273999154735,3.2718127569696764,0.3090776333858794,0.09561951957784791,-0.009515046948482375,1.1630908250808716,-1.0164992809295654,0.01627149432897565,0.044331060023978255,-0.023009240069958747,0.016137291807753026,0.04448465680697489,0.2711611764472574,0.001412065265103924,3.4076944410661856,0.9817300022014807,1.0582616159063236,-0.3073561756070708,0.3464035531973615,-2.2581006288895695,0.2744961407701631,0.48175546031750527,-1.3202290616921208,0.16093176861845124,0.6428244716693342,3.4546680043889357,0.00032000052898349473,2.1072762023514415,0.4462193600717463,0.4831371872996756,-0.5329404000419155,-0.160692489571776,-1.4150404089769697,-0.2642339655876144,0.9372212500532642,-0.9380505671446496,0.029527619534016104,0.11995505358063546,0.7257475997729513,3.279136924748607e-05,2.1500830993117424,0.8527430753242469,0.9572577298234165,-0.4796738238740596,0.0240030360341911,-2.2050833331978827,0.0054764470402926,0.17223054121877304,-1.3805481881417254,0.12292373441146494,0.4727532216539276,2.5730237493564703,0.00031457317601920904,2.223446421213886
like,like_8.csv,0.027589891334946992,0.0007708990144946648,-0.003113986290991297,0.0742998421192169,-0.1098420619964599,0.0064467191696166,0.0165498768910765,-0.9529389359915936,0.00013542694607515692,0.0001840257995662266,0.0008721183893040952,6.766334082266324e-05,4.755652544368137,0.05469897175164089,0.003099040219850141,-0.010347111150622354,0.2102713584899902,-0.2686893343925476,0.0015505105257034,0.023212850093841497,-0.5397920811840291,0.000583809980535071,0.0005577601701474874,0.002668247034903721,0.0004251934919342791,5.097719511683317,0.06532973438055832,0.004293859845719553,0.005087794363498681,0.3232635259628296,-0.2299039363861084,0.0138663053512573,0.024055376648902775,1.6578176489750378,0.0008251514971409532,0.0012085372023101031,0.005330877277693355,0.0003556507641063008,4.621285086819524,1.9521914073268143,3.811367744273387,-0.017789138054940846,6.301324367523193,-8.189823150634766,0.0317944455891847,0.08191823307424778,-0.6618152770193118,0.7102954021771837,1.8383477699782764,9.851233711495292,0.03703477834531692,3.2485864523977117,0.24031896314975565,0.06307616467437366,0.07295862269122154,0.8620942831039429,-0.6341493725776672,0.3971697092056274,0.09029769478365765,1.1781869881748022,0.009907213306599758,0.03156417391545328,0.17132882947292752,0.0005964981323392855,2.983401714855317,0.42389424647717744,0.179686527813503,-0.0004422861617058524,1.3579459190368652,-1.6246404647827148,0.0718513950705528,0.09358138917013994,-0.8826183105873721,0.03340430049405388,0.0906134014586642,0.500439207217206,0.0024208534884722632,3.1747059868917153,1.4344211679557206,2.077030814938628,-0.13952321620136834,3.0864324576829634,-3.1346897680049235,0.3810301279988475,0.3170712290533894,-1.2568256700109397,0.42933685532016413,1.1345853261017902,6.097468269219967,0.10840583934054368,3.567248317102076,0.4589759519497776,0.38255062999237344,-0.41459824592509903,-0.0813156581747911,-1.469106234426137,-0.14774478608266045,0.7244042143540538,-1.1087389941912031,0.03689247483625185,0.13158537371709464,0.7103923936678788,5.0608986353617314e-05,2.408649504338231,1.3315827865995653,1.9401400954759382,-0.40868983093254896,3.049080181094159,-3.123881336381759,0.06286224938277316,0.09472871241710278,-0.9207392461634563,0.38537562625318716,0.8444223431655589,4.434769598072853,0.11735618663876596,3.9654206795127056
like,like_9.csv,0.020680610502336317,0.0010777896638492481,-0.02549709813096198,0.0269384980201721,-0.1026346459984779,-0.012792021036148,0.023458292707800876,-0.2398388792155887,3.1054021463093934e-05,3.0229783627525738e-05,0.00014884231675447578,2.6375769829732663e-05,5.093770029995321,0.04111918571927985,0.001965543690563891,-0.016575773174946108,0.0897248685359954,-0.2068309187889099,0.0035657286643981,0.03545483946800228,-1.7525821139771054,0.0001743310053809464,0.00015042466722805278,0.0007921298833287268,0.00013574005281982262,5.272377959831606,0.04972349274231584,0.002502802354201728,-0.005511499224947032,0.2588251531124115,-0.1846922039985656,0.0052716732025146,0.024128325283527277,1.4041319759949604,0.0003598132560277135,0.0004204365152764281,0.001723479398283627,0.00020187020596248656,4.898339584335516,1.7118493958910965,2.9304290023499897,-0.000805069734969248,6.072589874267578,-8.098071098327637,0.0352191627025604,0.12924577016383398,-1.3296074708519694,0.3248868602295051,0.8257224955971031,4.846348403749898,0.021233605048672225,3.534426285927143,0.3540166259534944,0.12731962464003904,0.044630182483860366,0.965924859046936,-1.6459113359451294,0.19767660647630686,0.12804927676916114,-1.1998898670246188,0.012176465777551024,0.036520252655548,0.2359724626287903,0.0004077478927648675,3.111828290070088,0.2978193009509148,0.08913995585643779,0.021062284718097474,0.9518834948539734,-1.4235577583312988,0.1299495249986648,0.1088711558841168,-1.1674226192445132,0.009546875762814825,0.024881956543072074,0.15854762752742832,0.000673326974292742,3.567462405526455,1.523279051757339,2.8285064149225914,-0.7128305166025469,0.5546656283433751,-2.932792792450938,0.327064755786937,3.313794109119281,-0.6828855958393969,0.3495205359305377,1.4051283139234454,8.83972620983946,0.005333373020770731,2.1384539968661347,0.5537806700645633,0.6471742081412548,-0.5835247874804446,-0.0312263558066289,-1.542264522616165,-0.09288442062857685,1.1480532829145145,-0.32877635878267814,0.03639442288117474,0.15425737499777592,1.0435688872827087,9.610885239603846e-05,1.9924089254920962,1.3407623276866647,2.606114511864523,-0.8991500945452656,0.1162803728984941,-2.8707711233816298,0.0477898371602772,2.874944833769465,-0.70505850861456,0.27725665830000895,1.0788891277415018,6.6423538160269056,0.005331772375284137,2.272324560697319
stop,stop_8.csv,0.17343963041339938,0.030086111183299926,0.0021922101549218414,0.8851974010467529,-0.5078251361846924,0.0257377047091722,0.024692505598068203,1.6047891997081498,0.004806407742502005,0.00849591965060183,0.040321422831399535,0.0009422082252776983,3.968075904498975,0.08752762612298928,0.0077892110688021895,-0.011319263848695861,0.3805300891399383,-0.3078787326812744,0.00412784516811365,0.022537052631378,0.6657929036999678,0.001107682325517757,0.001538534613003472,0.005925810665882332,0.00045376019235371227,4.401347989701829,0.07802174063407301,0.006377161640543446,0.017022621095850208,0.30670827627182,-0.3431020379066467,0.0472976565361022,0.0211578011512756,0.1573371629358288,0.0009471885317734875,0.00076177827708587,0.0029759702237104483,0.0006825917424402132,5.017226148493591,0.33929575733952544,0.12068480613813042,-0.07458682986646054,1.2413089275360107,-0.969885528087616,0.0036302314838394002,0.1397466138005256,0.3486450974715069,0.019530017403300324,0.036801250813852986,0.20070624861367392,0.008028777011456469,4.265952643554542,0.6424409710235369,0.41399761192344664,-0.035597902659870936,3.2372748851776123,-1.593050241470337,0.0086286263540387,0.10658609494566909,2.2580356744840895,0.07230505676438097,0.13377267262179926,0.647914922825577,0.01561765395656007,3.9628912832900967,0.5945736351095617,0.3585820209507793,0.07116328676628848,2.8823816776275635,-1.3529545068740845,0.307968407869339,0.1556776911020278,2.0849562424741954,0.059780471566670615,0.11738256413439012,0.4856539609685616,0.003900816491559226,3.7094462984478542,0.17322644950640717,0.053407117114512855,0.15296965158461012,0.5133901169052226,-0.0963868471196162,0.4878742720149119,0.0369081236912783,1.1286095043548137,0.006007917283168447,0.020214801099187815,0.1076815360267393,2.640489995148954e-05,2.2662752227487593,0.21268695884657926,0.18505727542173356,-0.37392717600934955,-0.0126434673906821,-0.6525307861043224,-0.2775824842506822,0.3462163201213106,-0.06646913926672517,0.00503415733211051,0.021531780746960983,0.12977908222619514,1.3108107880345796e-05,1.5799581420261108,0.16232398891690109,0.07642074500277397,0.22376699404711078,0.4109001168786404,-0.0067813821718797,0.3707950650851747,0.3666074447370601,-0.3029229913942546,0.0016216341770386561,0.005149122927924425,0.02874183038349948,3.5719974742452853e-06,2.5402405746239394
stop,stop_9.csv,0.15450709263499626,0.02390772793700284,0.005940224110548006,0.7667754888534546,-0.3696753084659576,0.04494468867778775,0.02556067053228605,2.157874044873955,0.004624439563249386,0.007053259344228479,0.03351916721611961,0.0011010398526019474,4.170270123609033,0.07025617648937747,0.00505797381636392,-0.011047329154929933,0.2803930640220642,-0.3318351507186889,0.001942116767168,0.03144576353952273,-0.5038006982258826,0.0009292549630676993,0.0013252196220635945,0.005137974822162438,0.00023120655563680804,4.244314044605153,0.0643402782695443,0.00449272045112883,0.018789599339167257,0.2432130575180053,-0.1720602512359619,0.06275817751884455,0.035835534334182594,0.4854758726584267,0.0006935852610114424,0.0005940713972515982,0.0023586715216558506,0.0005230939689993589,4.941245610487389,0.20828840095750037,0.04455776062336724,-0.034259343979924556,0.903862714767456,-0.8650065660476685,0.020117311738431398,0.1275272974744438,0.786113839867249,0.008065407197362769,0.006243465774129353,0.02308551355494108,0.006532022641979832,4.975615419726425,0.6815665453680703,0.464834668438215,-0.0173698783314432,3.124350309371948,-1.296206831932068,0.0187542755156755,0.13028780976310358,2.5420727776316756,0.08984085576965802,0.16535010835070105,0.8127150419934275,0.005746096082971408,3.775199539794848,0.49521245368643674,0.24527656456267058,0.006417965139310892,2.1299514770507812,-1.2201200723648071,0.0874095261096954,0.152595480903983,1.6488715833546543,0.0459542438704892,0.09014079535088759,0.42742190329200574,0.0012442741003347822,3.5441830401411902,0.21002891444576638,0.05737664745992958,0.11517162218473151,0.4947117834525738,-0.0888613731241581,0.4747588039552033,0.3240052042224787,0.9676056862254254,0.007916526591043239,0.027293294531174992,0.1283597899079858,4.114319816247288e-06,2.1272368862755417,0.07586030540758057,0.014603605054601369,-0.09406816208510704,0.050311515135922,-0.2406042197702248,-0.0736890018941765,0.09473914918935902,-0.38596416032639397,0.0006001324925798009,0.00204060845322152,0.01104366478132538,1.302922832571254e-05,2.205189557628887,0.1254176320055213,0.022626914112653333,0.08305017576610518,0.3151022505704864,-0.0578026374832887,0.3009578928881926,0.15109360881705963,0.9639928853227684,0.0029596423464704797,0.010079654264151115,0.051948065317978735,6.462895490827015e-07,2.1674064578347374
stop,stop_4.csv,0.23193190158439062,0.05380519685494689,-0.0035762945062493465,1.247015357017517,-0.5671382546424866,0.07198561728000635,0.0691094137728213,2.515996693316059,0.009613103200525086,0.012645532340936412,0.052548501732630135,0.003433759504036425,4.128071384368409,0.07977744050212363,0.007043313524593077,-0.026055201237434367,0.3790915608406067,-0.3770617544651031,-0.0101268962025642,0.030647113919258104,0.20187301572367902,0.001102124378527036,0.0012474766741182974,0.005438342072082025,0.0006072570282410288,4.440297826806523,0.11081929746908557,0.012567421161587945,0.016926442923611156,0.5082665681838989,-0.2626785039901733,0.0538777410984039,0.0314959883689879,1.9614779111112126,0.0021374985234791687,0.002663859037509322,0.011202940509356525,0.0010235902643208636,4.316130803291741,0.3510246879567471,0.1277462184223136,-0.06728957472879389,0.8332277536392212,-1.224591851234436,0.0064265585970133005,0.1597168650478123,-0.4088387058507234,0.02261540545621904,0.02873290043749388,0.13618362587604882,0.013111565931244152,4.468488548837575,0.9421717740504326,0.8883837326936983,-0.02638334467726415,4.611089706420898,-1.8926429748535156,0.0094416458159685,0.1325591071508824,2.595523537945699,0.1596374409452193,0.271422590367795,1.0776075524074682,0.021251226615073286,3.69683623166177,0.5736299496629398,0.331101514467268,0.04527908255432235,2.554591655731201,-1.1819393634796145,0.3174511045217514,0.2221842259168624,1.8574627725980744,0.055026680482189304,0.10059469983217441,0.4175543838246003,0.01288351458055808,3.5730048381521122,0.17275418602472736,0.03175534461664052,0.04371882692358539,0.4219816911170764,-0.2966632257431921,0.3686404940239796,0.0681686710937549,1.0019012234183486,0.006099039507430531,0.016825752358635555,0.07934482390159343,2.3808398838736265e-05,2.493428929596515,0.14769375150558395,0.08596501764811823,-0.25328160891451446,0.0077384160144092,-0.454278234935982,-0.2048345972734566,0.2982045759725434,0.022464509783045015,0.0026329363584087504,0.00995763815938304,0.05465279681897001,1.0862029726809493e-05,1.6066194166765648,0.12906758973171412,0.023657534286555214,0.08366057355410096,0.2693094547445808,-0.2354219615371347,0.1893918361147944,0.1903991196380685,-0.2518952644121947,0.0011806141222127282,0.0031899195950041057,0.015741852838436418,1.2686013464901098e-05,2.6536130536543348
stop,stop_5.csv,0.1908507506079191,0.03755414018931628,0.03361742378157726,0.8426681756973267,-0.5604516267776489,0.04642445966601365,0.04633203521370883,0.9068579628530691,0.005685185301214603,0.011305703119745988,0.050492132533052694,0.00036474302967707184,3.612944219059353,0.08928369206082426,0.008094097373442315,0.011068861975389341,0.4195993542671203,-0.3733797371387481,0.03399609029293055,0.0364985987544059,-0.001823089403509539,0.0011962617886104275,0.0019253033263719203,0.007535630776041065,0.00024554577459407525,4.069569244576832,0.05733716307777771,0.003782515173541028,0.022247806717367712,0.2531073093414306,-0.1439352631568908,0.0362027883529663,0.0314144492149352,1.3283358918582713,0.0004717737856285198,0.0004899740996430422,0.0017646359900630989,0.0002778029668180936,4.711378980349104,0.27299113376186,0.0841829376770442,-0.09827908508150893,0.880067765712738,-0.7853384613990784,-0.0220517870038747,0.2024400709196925,0.4625226578012196,0.009297226775494067,0.015696217298719596,0.07152466296626893,0.0038495118479268467,4.224179325220089,0.6006220452590133,0.36456581782445535,-0.061797868679551504,2.838192939758301,-1.3933943510055542,-0.006180768366903,0.138693963177502,2.267965802119747,0.05860209967047148,0.10914356532425794,0.4653709619271682,0.006900857731258081,3.7216242775526682,0.5493875371253042,0.30880810450678037,0.08355500319055008,2.3143980503082275,-1.2889931201934814,0.4630832076072693,0.1717857755720615,1.276961994739434,0.04791528352195036,0.08719454493334423,0.3548915069036813,0.005318163957381879,3.725714598734735,0.14117857986860957,0.02188345123501131,0.044182121059246855,0.2794651899318818,-0.206631349713954,0.1486616090281313,0.1963948064343749,0.4812278988483896,0.0035673204120994957,0.011468405641873377,0.061916569975087585,1.2894343554400097e-05,2.3509149796128836,0.18936533387319535,0.09020682681587161,-0.2331257110294033,-0.0339853672407405,-0.5601995019754378,-0.091148892289554,0.37044562862779,-0.7478436436381545,0.002142367838358881,0.009165967408215599,0.0571295191602029,4.58807630775867e-06,1.556049862813552,0.1600427628823134,0.06192929349797689,0.1905665436192106,0.4225890437234749,-0.0626639529789862,0.2865871116265449,0.27322187500418027,0.06783783872658668,0.0011962750521337237,0.0033906423089433858,0.016223080879154667,8.024086814314621e-06,2.666492646058903
stop,stop_7.csv,0.20382627734464298,0.041918474396246484,0.019321569813841786,1.179863452911377,-0.5066983699798584,0.1894199252128601,0.0159196229651569,2.4782355902306246,0.007070803602819329,0.0097065158060764,0.03183095300836945,0.0019088860048705027,4.1894831442932325,0.11577674633053527,0.013433172061887818,-0.005377459530550339,0.6405072212219238,-0.3193487823009491,0.0107181407511234,0.02555328980088225,1.8159452146947226,0.002257142841286422,0.0026683579723591343,0.010361798498405727,0.0014219661957772926,4.461919187427963,0.12383811968356674,0.01597307799140188,0.02524278321898124,0.4867287278175354,-0.4774442315101623,0.11558362841606135,0.0191590189933777,-0.2969462007804001,0.0027560202461894318,0.0026221139252699294,0.008533763013435763,0.002273524529598799,4.654169992820869,0.28552970463011745,0.08366291870453177,-0.04621370444326738,1.1277155876159668,-1.4195704460144043,-0.0002909321337938,0.09967269515618676,-0.9311033640417322,0.007732317889872368,0.005626829274035348,0.020631680762196028,0.007574841091126647,4.9750293717866,0.9770890921726156,0.9588691577434291,-0.0645450517136873,4.889151096343994,-2.0004079341888428,0.00046457280404859995,0.12562595144845537,2.4896036460811275,0.1645915940938481,0.23905747951815376,0.8815452840870971,0.029174735142402805,4.111471095448298,0.45047607806357437,0.20355386349634796,0.025003331554183966,2.283047676086426,-0.9728887677192688,0.410626083612442,0.0444387570023536,1.8647648772440328,0.02766691866566358,0.029450930257760955,0.09627401093340293,0.013197445930705032,4.505692167778637,0.17786875043479144,0.032017803518178345,-0.019506694669887862,0.3028356245205411,-0.3676176971261298,0.2564683575649157,0.00813580057752105,-0.007768566059774924,0.002947524640258995,0.006680287915280595,0.02813763447462043,3.113676611561555e-05,3.1416033261806633,0.057623919819475566,0.007823909513448968,0.06710732730550084,0.1413522386715973,-0.1401098741028931,0.08998328268483965,0.019590159700334994,-2.028667913926153,7.171788723135165e-05,0.00017263745303178638,0.0008283756659002246,6.177366404701456e-06,3.1594559291544297,0.11960799070090854,0.022060136713369243,0.08805717048520591,0.3435736431339537,-0.0001945175972196,0.2800171805587224,0.206785664396012,0.9871607929456476,0.0013859941146589754,0.005175744432121404,0.03059495873231726,9.67982619859772e-06,2.070616928659957
stop,stop_6.csv,0.18050173172283268,0.032583380761985595,0.0015829109400510922,0.9933972358703612,-0.5437806844711304,0.0243455208837986,0.018920931965112575,1.8633748471111606,0.007565067045021046,0.012114208235306638,0.04835633541331851,0.002206037648864872,4.240765937073013,0.058169417277243514,0.003463527957593473,-0.00893570653162895,0.2802658081054687,-0.2409261018037796,0.00038477405905720005,0.0140297049656509,0.30342886727678786,0.000799066259755882,0.0010871539712787022,0.0041082362087754235,0.0003188662949360454,4.573547918009812,0.07336012251656131,0.005814710155317645,0.02080871403217313,0.4112825989723205,-0.1664243936538696,0.0653793811798095,0.016171246767044,3.0036054479023306,0.0012062938316643327,0.0013431080410209197,0.00470254675129567,0.00036524619356836674,4.785539818755394,0.29097543618296456,0.08904376348743635,-0.06615934571600518,1.115953803062439,-0.9397025108337402,-0.0021827584132552,0.1788590745418331,0.7384097313938097,0.01832750152559736,0.027273622771625622,0.12637072025857432,0.007507285177068263,4.601571796822221,0.6984620255276982,0.4904115980226853,-0.050620123650878666,3.880258560180664,-1.5308678150177002,-0.00145669770427045,0.13438471162226043,2.9905905713770142,0.11153215144179318,0.18145399999346795,0.6604166489347539,0.02682962101383435,4.187916246663663,0.4549535838791671,0.20861686460139967,0.04042401658545714,2.0782623291015625,-1.08611798286438,0.345401406288147,0.0926938536576926,0.8167092605345804,0.03635861287927943,0.05608199363975088,0.2155980798797336,0.006689312398646918,4.314831233628054,0.16335909316308775,0.02881299025258019,0.046117208648332214,0.3934874360699307,-0.1938052613728406,0.0640935611807741,0.18581053716840984,0.6670930597683736,0.00380684206932064,0.010353458276920108,0.05037157863794894,4.245794300220642e-05,3.0165839722524708,0.12914918643209522,0.03222093973789895,-0.12466526132739171,0.0925314447742261,-0.4211555361798809,-0.06229303046631255,0.1401705979079107,-1.074552981191407,0.0009616394129577933,0.002950124405372763,0.0174818535071331,9.748010749581063e-06,2.8036976198984664,0.10855770591997091,0.014677091392039921,0.05378025546083834,0.3039377310356321,-0.1458344587461074,0.152447966174387,0.11555419546136736,0.9350697527229102,0.0007618736182917287,0.0018954671045329971,0.009715745400964182,8.607655873181e-06,3.2673010304547914
stop,stop_2.csv,0.18200962545747632,0.03316759012858649,0.006331379740284036,0.9554015398025512,-0.4518830776214599,0.0161380041390657,0.04361365456134068,1.9290371786710592,0.005794415413503352,0.008983893393296784,0.035222919077551235,0.0015494213373309857,3.996987627487759,0.09781903034398107,0.010739649806729094,-0.03422115002878199,0.4896453619003296,-0.3697760999202728,-0.01552858203649515,0.0374282784759998,1.390837084188985,0.0018113342846248714,0.0023016422332721173,0.008323986637535738,0.0006759093305334486,4.30246808789877,0.07343981459300461,0.0055967296502724695,0.014259147338378098,0.3067450523376465,-0.2552018165588379,0.0306129455566406,0.030917316675186025,1.2238619610677532,0.0008621862083946549,0.0008977351081093978,0.0030991962240409865,0.0005832714104564789,4.594345796114005,0.23948524684353054,0.06053854521597756,-0.05643900920702622,0.837101936340332,-0.8061861395835876,0.0241365283727645,0.15667639859020702,-0.20698973011472285,0.008871434760171111,0.007028129998564212,0.025458172329347765,0.00683177019736455,4.8482502871926,0.710381058242533,0.504724169934277,0.009106153111833232,3.229814052581787,-1.6253048181533811,0.6161479949951172,0.13238417194224888,2.1304580525857943,0.08267881384499379,0.14276785260488067,0.657904931001208,0.026122537827984006,3.887242626047364,0.48588399815062305,0.23618626101286544,0.010148958273184227,2.5325117111206055,-1.0526158809661863,0.1381500139832496,0.1323361732065677,2.9365503675094855,0.042765706586738304,0.06309124009188544,0.26691418174373605,0.009476464840884827,4.032932487725867,0.1032481201053026,0.012089665574409528,0.03780861368961489,0.1794754344462626,-0.2532635108151765,0.107127267954348,0.07257568841497496,-1.0068774506777212,0.001792545513010157,0.005037933025111481,0.024658012656698192,3.0979873716385024e-05,2.61928390190597,0.08721201850103918,0.00762033157536201,0.0037941276120351795,0.1193840329274439,-0.1494805474764562,0.0650634010131246,0.17330001972055348,-0.7007296463656038,0.00048019654177444443,0.001984017685641308,0.012282485985282527,8.162518395101067e-06,1.7293776707112327,0.11497069648506622,0.019963994610470204,0.08213241479591955,0.2959387617342534,-0.0508052287203778,0.2646012184992208,0.22259988574919382,0.8176701304439637,0.002349874797303917,0.007649249453284545,0.035250863268389485,1.1165952418480171e-05,2.2552131538409634
stop,stop_3.csv,0.19157988910359697,0.037107446507928715,0.0201144872910597,1.0029172897338867,-0.5239349603652954,0.0530624985694885,0.03689910098910325,2.0080151857575426,0.0060050416155092,0.01064804136405673,0.0472599547011995,0.0011792218191884606,3.9778868695044944,0.09316802735349429,0.00903093256280184,-0.018725684015821146,0.370746374130249,-0.5032261610031128,-0.0020176470279693,0.0245415216777473,-0.8354403676205439,0.0012887362778389888,0.0018631607626246821,0.00906527731893655,0.0005926323264005443,4.397199110202039,0.10437377093033459,0.011222699924604762,0.018133280629461443,0.3866063356399536,-0.4112850427627563,0.08078119158744809,0.021179884672164775,0.31871505476892115,0.0018175503756755927,0.0024128802605602765,0.009992988727115187,0.0006950827637910674,4.447136367525072,0.2792446319488406,0.07861953033050469,-0.025337045176208686,0.9907616376876832,-0.9202802181243896,0.025410317815840203,0.1812792541459202,0.8204448631507413,0.012521583079436753,0.013611844375388944,0.05534483512945163,0.006290338741271682,4.761185909107018,0.767359437693385,0.591706075401743,-0.053531007693064486,3.8669557571411137,-1.7391400337219238,0.0019988463027402,0.2453022645786404,3.060342300290009,0.09609912582940648,0.166389843333421,0.8167369540547068,0.013702488432783561,4.017988119742875,0.5873953246919374,0.3450529952236103,0.004441593595071357,2.6543824672698975,-1.7628766298294067,0.1189249753952026,0.1608024183660744,1.2811312613902965,0.06180907043175445,0.12097106785148311,0.5058570493232248,0.005540906102762665,3.6854710772222505,0.20572364885593766,0.0571324780117668,-0.12169740471006635,0.2511906711904032,-0.3403772655674901,-0.028545180395613448,0.24477493297517328,0.6847489281178369,0.006822578073429806,0.024164450769892914,0.11673087148500001,1.9646866341819306e-05,2.1357653405161323,0.10861662811038152,0.0155440116119864,-0.06120816701974893,0.1221176316046996,-0.2268035714660722,-0.0043056018641009,0.17783504432004013,0.03121425989053196,0.0013837609924356427,0.005575627329073347,0.034311397234707074,4.954766617319662e-06,1.8051732752568674,0.13815410635713887,0.02533090476784329,0.07902118490951435,0.3617254711808475,-0.071153231097874,0.3374556615383829,0.06340768149070194,1.2005610520177177,0.003627877940710219,0.011568712116310602,0.059109611995775,6.302891243330609e-06,2.4060632118552485
stop,stop_1.csv,0.22759405885848835,0.05204936967129559,0.01582131611511987,0.9226648211479188,-0.5470420122146606,0.036921557039022404,0.06357499584555612,1.506723066701737,0.0088781207921484,0.01611966768285581,0.07598708337911028,0.0013020198482572394,3.5229270004104536,0.09922756899129034,0.011285464074932096,-0.0379388142541489,0.3217968940734863,-0.4207824170589447,-0.01047505438327785,0.03766332846134895,-0.8589599602028551,0.0015945603077529866,0.00200558956173561,0.008226479759150099,0.0008046923298327112,4.2435095147976325,0.10012536014758129,0.010504600882959767,0.021897788433467628,0.3704007863998413,-0.3071462512016296,0.0692514777183532,0.04680395126342757,0.5316595566778044,0.0016472425323126583,0.002199038742225199,0.008010748316286951,0.0006302496922003576,4.055275472827112,0.3335216367491954,0.12330039818358902,-0.10983494891757693,0.936988353729248,-1.0047805309295654,0.0028294092044233504,0.23280362831428636,0.056413090943944824,0.019224043172180412,0.01517524490334952,0.049285407532275144,0.016055038634108454,4.652376351892442,0.8542069669997483,0.7311378540629269,-0.03831855414832449,4.010129451751709,-1.4906880855560305,0.0175649113953113,0.2830015732906758,2.4856396432043404,0.12610719992173508,0.21402888629708308,0.8912641874982827,0.02370395035722166,3.672005749587536,0.5923150079326098,0.3553467314158283,0.0671540229146451,2.5401220321655273,-1.4985873699188232,0.4482385665178299,0.20785295590758315,1.4713954494554762,0.06340727071868646,0.12322066404054957,0.5413352008143633,0.011066112097740055,3.41765887383071,0.14091865468899487,0.02752038657474551,-0.08753467504588874,0.1904803356554858,-0.3419339760693449,-0.049981466500935545,0.1300730331955091,0.7017324350906822,0.003606058706111609,0.009881908254473715,0.04620148003300947,2.3788801221321914e-05,2.436480289357632,0.15722097515966887,0.025686818296875108,0.03111885709208949,0.1919014797911268,-0.217992556240645,0.14724854709193835,0.33328219872377174,-0.5809807785240478,0.0010510283657397678,0.004609077167811887,0.02742726376417354,1.5020887068153037e-05,1.3922707215606263,0.12806004347886082,0.037486319195459396,0.14521344448656145,0.3592537689506571,-0.0387715721787379,0.22107905327581479,0.2150278585412245,0.2285793985757628,0.0022906237820634434,0.006330021296007809,0.02820816839793223,7.000383942422914e-06,2.3756379279988624
stop,stop_0.csv,0.20507181638771263,0.04216330572364306,0.010433400552424187,1.0209823846817017,-0.3858752250671386,0.118336409330368,0.0626020729541778,2.685675753823901,0.007768305473158604,0.010412573165000825,0.03801518956059314,0.0028829127752053466,3.854046593728169,0.10704372666017606,0.011855702853644479,-0.019933475270157753,0.5938690304756165,-0.2947162389755249,-0.0011739730834961,0.04320341721177095,2.4351308466836596,0.002238449285012846,0.002330401837098491,0.008684825618663574,0.0012954558016712615,4.301796811674047,0.13757765096906727,0.01968887893957109,0.027591101706974073,0.4698241353034973,-0.5960283875465393,0.07204645872116086,0.06555318832397455,-1.0142378266404202,0.0035833767442939894,0.0036958069247144264,0.01055936125124071,0.0024495592252493314,4.165076089038616,0.4964834495847592,0.2481563831251902,-0.04075006028962514,1.4082802534103394,-3.007507085800171,0.021396168507635552,0.1516036484390496,-2.621062402577972,0.051188880624205964,0.037668284930559695,0.1170110341265779,0.054377147780636154,4.556963685187619,1.0170903148425285,1.036030906852983,-0.03947402065294601,4.842335224151611,-1.3537724018096924,0.017480444163084002,0.2923873271793126,3.00075964027992,0.20102634179922296,0.3162317828848396,1.4891819380302591,0.08045147805828962,3.803193156756107,0.5795574784319386,0.3360672503542019,0.01343054532827365,2.928092241287231,-1.0492711067199707,0.2074108123779297,0.23640318959951395,2.665302288421684,0.06631143110966967,0.09168045334604466,0.4079399960290096,0.030085810160822804,3.865872350355073,0.24443020131468318,0.11367811981312644,-0.2322326344388099,0.3813286946243529,-0.4585914378614986,0.1946528641519282,0.24526367504463958,1.244396144556371,0.01096223598112573,0.03208772234979035,0.1321029962497007,0.00010759914334041641,2.102593233631511,0.06790579215244937,0.024588429577724953,-0.14134083970980682,0.0228871576055298,-0.2369769519134255,-0.099572491059929,0.11980665690832945,-0.012759172528948821,0.0004643567218041205,0.0015674231702098719,0.00839228015560668,5.3233384368433197e-05,2.104652479195661,0.0873025259561478,0.009118721536397244,0.038690961451912524,0.2746376447356267,-0.0973198056790156,0.067061588826342,0.07745342257600644,1.1899010418156573,0.001491967175119627,0.003830419124134026,0.01619119035404311,3.2012919682122034e-05,2.525068269198118
